sampleID	run	forwardReads	reverseReads
s0001	2020_12_01	data/raw/fetch-reads/fastq/ERX5782836_ERR6146012_1.fastq.gz	data/raw/fetch-reads/fastq/ERX5782836_ERR6146012_2.fastq.gz
s0002	2020_12_01	data/raw/fetch-reads/fastq/ERX5782837_ERR6146013_1.fastq.gz	data/raw/fetch-reads/fastq/ERX5782837_ERR6146013_2.fastq.gz
s0003	2020_12_01	data/raw/fetch-reads/fastq/ERX5782838_ERR6146014_1.fastq.gz	data/raw/fetch-reads/fastq/ERX5782838_ERR6146014_2.fastq.gz
s0004	2020_11_27	data/raw/fetch-reads/fastq/ERX5782839_ERR6146015_1.fastq.gz	data/raw/fetch-reads/fastq/ERX5782839_ERR6146015_2.fastq.gz
s0006	2020_12_01	data/raw/fetch-reads/fastq/ERX5782840_ERR6146016_1.fastq.gz	data/raw/fetch-reads/fastq/ERX5782840_ERR6146016_2.fastq.gz
s0007	2020_12_01	data/raw/fetch-reads/fastq/ERX5782841_ERR6146017_1.fastq.gz	data/raw/fetch-reads/fastq/ERX5782841_ERR6146017_2.fastq.gz
s0008	2020_12_01	data/raw/fetch-reads/fastq/ERX5782842_ERR6146018_1.fastq.gz	data/raw/fetch-reads/fastq/ERX5782842_ERR6146018_2.fastq.gz
s0009	2020_12_01	data/raw/fetch-reads/fastq/ERX5782843_ERR6146019_1.fastq.gz	data/raw/fetch-reads/fastq/ERX5782843_ERR6146019_2.fastq.gz
s0011	2020_12_01	data/raw/fetch-reads/fastq/ERX5782844_ERR6146020_1.fastq.gz	data/raw/fetch-reads/fastq/ERX5782844_ERR6146020_2.fastq.gz
s0012	2020_12_01	data/raw/fetch-reads/fastq/ERX5782845_ERR6146021_1.fastq.gz	data/raw/fetch-reads/fastq/ERX5782845_ERR6146021_2.fastq.gz
s0013	2020_12_01	data/raw/fetch-reads/fastq/ERX5782846_ERR6146022_1.fastq.gz	data/raw/fetch-reads/fastq/ERX5782846_ERR6146022_2.fastq.gz
s0014	2020_12_01	data/raw/fetch-reads/fastq/ERX5782847_ERR6146023_1.fastq.gz	data/raw/fetch-reads/fastq/ERX5782847_ERR6146023_2.fastq.gz
s0015	2020_12_01	data/raw/fetch-reads/fastq/ERX5782848_ERR6146024_1.fastq.gz	data/raw/fetch-reads/fastq/ERX5782848_ERR6146024_2.fastq.gz
s0016	2020_12_01	data/raw/fetch-reads/fastq/ERX5782849_ERR6146025_1.fastq.gz	data/raw/fetch-reads/fastq/ERX5782849_ERR6146025_2.fastq.gz
s0017	2020_12_01	data/raw/fetch-reads/fastq/ERX5782850_ERR6146026_1.fastq.gz	data/raw/fetch-reads/fastq/ERX5782850_ERR6146026_2.fastq.gz
s0018	2020_12_01	data/raw/fetch-reads/fastq/ERX5782851_ERR6146027_1.fastq.gz	data/raw/fetch-reads/fastq/ERX5782851_ERR6146027_2.fastq.gz
s0019	2020_12_01	data/raw/fetch-reads/fastq/ERX5782852_ERR6146028_1.fastq.gz	data/raw/fetch-reads/fastq/ERX5782852_ERR6146028_2.fastq.gz
s0020	2020_12_01	data/raw/fetch-reads/fastq/ERX5782853_ERR6146029_1.fastq.gz	data/raw/fetch-reads/fastq/ERX5782853_ERR6146029_2.fastq.gz
s0021	2022_02_17	data/raw/fetch-reads/fastq/ERX11774106_ERR12398043_1.fastq.gz	data/raw/fetch-reads/fastq/ERX11774106_ERR12398043_2.fastq.gz
s0022	2020_12_01	data/raw/fetch-reads/fastq/ERX5782855_ERR6146031_1.fastq.gz	data/raw/fetch-reads/fastq/ERX5782855_ERR6146031_2.fastq.gz
s0023	2020_12_01	data/raw/fetch-reads/fastq/ERX5782856_ERR6146032_1.fastq.gz	data/raw/fetch-reads/fastq/ERX5782856_ERR6146032_2.fastq.gz
s0024	2020_12_01	data/raw/fetch-reads/fastq/ERX5782857_ERR6146033_1.fastq.gz	data/raw/fetch-reads/fastq/ERX5782857_ERR6146033_2.fastq.gz
s0025	2020_12_01	data/raw/fetch-reads/fastq/ERX5782858_ERR6146034_1.fastq.gz	data/raw/fetch-reads/fastq/ERX5782858_ERR6146034_2.fastq.gz
s0026	2020_12_01	data/raw/fetch-reads/fastq/ERX5782859_ERR6146035_1.fastq.gz	data/raw/fetch-reads/fastq/ERX5782859_ERR6146035_2.fastq.gz
s0027	2022_02_17	data/raw/fetch-reads/fastq/ERX11774107_ERR12398044_1.fastq.gz	data/raw/fetch-reads/fastq/ERX11774107_ERR12398044_2.fastq.gz
s0028	2020_12_01	data/raw/fetch-reads/fastq/ERX5782861_ERR6146037_1.fastq.gz	data/raw/fetch-reads/fastq/ERX5782861_ERR6146037_2.fastq.gz
s0029	2020_11_27	data/raw/fetch-reads/fastq/ERX5782862_ERR6146038_1.fastq.gz	data/raw/fetch-reads/fastq/ERX5782862_ERR6146038_2.fastq.gz
s0030	2020_11_27	data/raw/fetch-reads/fastq/ERX5782863_ERR6146039_1.fastq.gz	data/raw/fetch-reads/fastq/ERX5782863_ERR6146039_2.fastq.gz
s0031	2020_11_27	data/raw/fetch-reads/fastq/ERX5782864_ERR6146040_1.fastq.gz	data/raw/fetch-reads/fastq/ERX5782864_ERR6146040_2.fastq.gz
s0032	2020_11_27	data/raw/fetch-reads/fastq/ERX5782865_ERR6146041_1.fastq.gz	data/raw/fetch-reads/fastq/ERX5782865_ERR6146041_2.fastq.gz
s0033	2020_11_27	data/raw/fetch-reads/fastq/ERX5782866_ERR6146042_1.fastq.gz	data/raw/fetch-reads/fastq/ERX5782866_ERR6146042_2.fastq.gz
s0034	2020_11_27	data/raw/fetch-reads/fastq/ERX5782867_ERR6146043_1.fastq.gz	data/raw/fetch-reads/fastq/ERX5782867_ERR6146043_2.fastq.gz
s0035	2020_11_27	data/raw/fetch-reads/fastq/ERX5782868_ERR6146044_1.fastq.gz	data/raw/fetch-reads/fastq/ERX5782868_ERR6146044_2.fastq.gz
s0036	2020_11_27	data/raw/fetch-reads/fastq/ERX5782869_ERR6146045_1.fastq.gz	data/raw/fetch-reads/fastq/ERX5782869_ERR6146045_2.fastq.gz
s0037	2020_11_27	data/raw/fetch-reads/fastq/ERX5782870_ERR6146046_1.fastq.gz	data/raw/fetch-reads/fastq/ERX5782870_ERR6146046_2.fastq.gz
s0038	2020_11_27	data/raw/fetch-reads/fastq/ERX5782871_ERR6146047_1.fastq.gz	data/raw/fetch-reads/fastq/ERX5782871_ERR6146047_2.fastq.gz
s0039	2020_11_27	data/raw/fetch-reads/fastq/ERX5782872_ERR6146048_1.fastq.gz	data/raw/fetch-reads/fastq/ERX5782872_ERR6146048_2.fastq.gz
s0041	2020_12_01	data/raw/fetch-reads/fastq/ERX5782873_ERR6146049_1.fastq.gz	data/raw/fetch-reads/fastq/ERX5782873_ERR6146049_2.fastq.gz
s0042	2020_12_01	data/raw/fetch-reads/fastq/ERX5782874_ERR6146050_1.fastq.gz	data/raw/fetch-reads/fastq/ERX5782874_ERR6146050_2.fastq.gz
s0043	2020_12_01	data/raw/fetch-reads/fastq/ERX5782875_ERR6146051_1.fastq.gz	data/raw/fetch-reads/fastq/ERX5782875_ERR6146051_2.fastq.gz
s0044	2020_12_01	data/raw/fetch-reads/fastq/ERX5782876_ERR6146052_1.fastq.gz	data/raw/fetch-reads/fastq/ERX5782876_ERR6146052_2.fastq.gz
s0045	2020_12_01	data/raw/fetch-reads/fastq/ERX5782877_ERR6146053_1.fastq.gz	data/raw/fetch-reads/fastq/ERX5782877_ERR6146053_2.fastq.gz
s0046	2020_12_01	data/raw/fetch-reads/fastq/ERX5782878_ERR6146054_1.fastq.gz	data/raw/fetch-reads/fastq/ERX5782878_ERR6146054_2.fastq.gz
s0048	2020_12_01	data/raw/fetch-reads/fastq/ERX5782879_ERR6146055_1.fastq.gz	data/raw/fetch-reads/fastq/ERX5782879_ERR6146055_2.fastq.gz
s0049	2020_12_01	data/raw/fetch-reads/fastq/ERX5782880_ERR6146056_1.fastq.gz	data/raw/fetch-reads/fastq/ERX5782880_ERR6146056_2.fastq.gz
s0051	2020_12_01	data/raw/fetch-reads/fastq/ERX5782881_ERR6146057_1.fastq.gz	data/raw/fetch-reads/fastq/ERX5782881_ERR6146057_2.fastq.gz
s0052	2020_12_01	data/raw/fetch-reads/fastq/ERX5782882_ERR6146058_1.fastq.gz	data/raw/fetch-reads/fastq/ERX5782882_ERR6146058_2.fastq.gz
s0053	2020_12_01	data/raw/fetch-reads/fastq/ERX5782883_ERR6146059_1.fastq.gz	data/raw/fetch-reads/fastq/ERX5782883_ERR6146059_2.fastq.gz
s0054	2020_12_01	data/raw/fetch-reads/fastq/ERX5782884_ERR6146060_1.fastq.gz	data/raw/fetch-reads/fastq/ERX5782884_ERR6146060_2.fastq.gz
s0055	2020_12_01	data/raw/fetch-reads/fastq/ERX5782885_ERR6146061_1.fastq.gz	data/raw/fetch-reads/fastq/ERX5782885_ERR6146061_2.fastq.gz
s0056	2020_12_01	data/raw/fetch-reads/fastq/ERX5782886_ERR6146062_1.fastq.gz	data/raw/fetch-reads/fastq/ERX5782886_ERR6146062_2.fastq.gz
s0057	2020_12_01	data/raw/fetch-reads/fastq/ERX5782887_ERR6146063_1.fastq.gz	data/raw/fetch-reads/fastq/ERX5782887_ERR6146063_2.fastq.gz
s0058	2020_12_01	data/raw/fetch-reads/fastq/ERX5782888_ERR6146064_1.fastq.gz	data/raw/fetch-reads/fastq/ERX5782888_ERR6146064_2.fastq.gz
s0059	2020_12_01	data/raw/fetch-reads/fastq/ERX5782889_ERR6146065_1.fastq.gz	data/raw/fetch-reads/fastq/ERX5782889_ERR6146065_2.fastq.gz
s0060	2020_12_01	data/raw/fetch-reads/fastq/ERX5782890_ERR6146066_1.fastq.gz	data/raw/fetch-reads/fastq/ERX5782890_ERR6146066_2.fastq.gz
s0061	2020_12_01	data/raw/fetch-reads/fastq/ERX5782891_ERR6146067_1.fastq.gz	data/raw/fetch-reads/fastq/ERX5782891_ERR6146067_2.fastq.gz
s0064	2020_12_01	data/raw/fetch-reads/fastq/ERX5782892_ERR6146068_1.fastq.gz	data/raw/fetch-reads/fastq/ERX5782892_ERR6146068_2.fastq.gz
s0065	2021_01_06	data/raw/fetch-reads/fastq/ERX5782893_ERR6146069_1.fastq.gz	data/raw/fetch-reads/fastq/ERX5782893_ERR6146069_2.fastq.gz
s0066	2020_12_01	data/raw/fetch-reads/fastq/ERX5782894_ERR6146070_1.fastq.gz	data/raw/fetch-reads/fastq/ERX5782894_ERR6146070_2.fastq.gz
s0067	2020_12_01	data/raw/fetch-reads/fastq/ERX5782895_ERR6146071_1.fastq.gz	data/raw/fetch-reads/fastq/ERX5782895_ERR6146071_2.fastq.gz
s0068	2022_02_17	data/raw/fetch-reads/fastq/ERX11774109_ERR12398046_1.fastq.gz	data/raw/fetch-reads/fastq/ERX11774109_ERR12398046_2.fastq.gz
s0069	2020_12_01	data/raw/fetch-reads/fastq/ERX5782897_ERR6146073_1.fastq.gz	data/raw/fetch-reads/fastq/ERX5782897_ERR6146073_2.fastq.gz
s0070	2020_12_01	data/raw/fetch-reads/fastq/ERX5782898_ERR6146074_1.fastq.gz	data/raw/fetch-reads/fastq/ERX5782898_ERR6146074_2.fastq.gz
s0072	2020_11_27	data/raw/fetch-reads/fastq/ERX5782899_ERR6146075_1.fastq.gz	data/raw/fetch-reads/fastq/ERX5782899_ERR6146075_2.fastq.gz
s0074	2020_11_27	data/raw/fetch-reads/fastq/ERX5782900_ERR6146076_1.fastq.gz	data/raw/fetch-reads/fastq/ERX5782900_ERR6146076_2.fastq.gz
s0075	2021_01_20	data/raw/fetch-reads/fastq/ERX5782901_ERR6146077_1.fastq.gz	data/raw/fetch-reads/fastq/ERX5782901_ERR6146077_2.fastq.gz
s0076	2020_11_27	data/raw/fetch-reads/fastq/ERX5782902_ERR6146078_1.fastq.gz	data/raw/fetch-reads/fastq/ERX5782902_ERR6146078_2.fastq.gz
s0077	2020_11_27	data/raw/fetch-reads/fastq/ERX5782903_ERR6146079_1.fastq.gz	data/raw/fetch-reads/fastq/ERX5782903_ERR6146079_2.fastq.gz
s0078	2021_01_06	data/raw/fetch-reads/fastq/ERX5782904_ERR6146080_1.fastq.gz	data/raw/fetch-reads/fastq/ERX5782904_ERR6146080_2.fastq.gz
s0079	2020_11_27	data/raw/fetch-reads/fastq/ERX5782905_ERR6146081_1.fastq.gz	data/raw/fetch-reads/fastq/ERX5782905_ERR6146081_2.fastq.gz
s0080	2020_11_27	data/raw/fetch-reads/fastq/ERX5782906_ERR6146082_1.fastq.gz	data/raw/fetch-reads/fastq/ERX5782906_ERR6146082_2.fastq.gz
s0081	2021_01_06	data/raw/fetch-reads/fastq/ERX5782907_ERR6146083_1.fastq.gz	data/raw/fetch-reads/fastq/ERX5782907_ERR6146083_2.fastq.gz
s0082	2020_11_27	data/raw/fetch-reads/fastq/ERX5782908_ERR6146084_1.fastq.gz	data/raw/fetch-reads/fastq/ERX5782908_ERR6146084_2.fastq.gz
s0083	2020_11_27	data/raw/fetch-reads/fastq/ERX5782909_ERR6146085_1.fastq.gz	data/raw/fetch-reads/fastq/ERX5782909_ERR6146085_2.fastq.gz
s0084	2020_11_27	data/raw/fetch-reads/fastq/ERX5782910_ERR6146086_1.fastq.gz	data/raw/fetch-reads/fastq/ERX5782910_ERR6146086_2.fastq.gz
s0085	2020_11_27	data/raw/fetch-reads/fastq/ERX5782911_ERR6146087_1.fastq.gz	data/raw/fetch-reads/fastq/ERX5782911_ERR6146087_2.fastq.gz
s0086	2020_11_27	data/raw/fetch-reads/fastq/ERX5782912_ERR6146088_1.fastq.gz	data/raw/fetch-reads/fastq/ERX5782912_ERR6146088_2.fastq.gz
s0087	2020_11_27	data/raw/fetch-reads/fastq/ERX5782913_ERR6146089_1.fastq.gz	data/raw/fetch-reads/fastq/ERX5782913_ERR6146089_2.fastq.gz
s0088	2020_11_27	data/raw/fetch-reads/fastq/ERX5782914_ERR6146090_1.fastq.gz	data/raw/fetch-reads/fastq/ERX5782914_ERR6146090_2.fastq.gz
s0089	2020_11_27	data/raw/fetch-reads/fastq/ERX5782915_ERR6146091_1.fastq.gz	data/raw/fetch-reads/fastq/ERX5782915_ERR6146091_2.fastq.gz
s0090	2021_01_06	data/raw/fetch-reads/fastq/ERX5782916_ERR6146092_1.fastq.gz	data/raw/fetch-reads/fastq/ERX5782916_ERR6146092_2.fastq.gz
s0092	2020_11_27	data/raw/fetch-reads/fastq/ERX5782917_ERR6146093_1.fastq.gz	data/raw/fetch-reads/fastq/ERX5782917_ERR6146093_2.fastq.gz
s0094	2021_01_06	data/raw/fetch-reads/fastq/ERX5782918_ERR6146094_1.fastq.gz	data/raw/fetch-reads/fastq/ERX5782918_ERR6146094_2.fastq.gz
s0096	2022_02_17	data/raw/fetch-reads/fastq/ERX11774110_ERR12398047_1.fastq.gz	data/raw/fetch-reads/fastq/ERX11774110_ERR12398047_2.fastq.gz
s0097	2021_01_06	data/raw/fetch-reads/fastq/ERX5782920_ERR6146096_1.fastq.gz	data/raw/fetch-reads/fastq/ERX5782920_ERR6146096_2.fastq.gz
s0099	2021_01_20	data/raw/fetch-reads/fastq/ERX5782921_ERR6146097_1.fastq.gz	data/raw/fetch-reads/fastq/ERX5782921_ERR6146097_2.fastq.gz
s0100	2021_01_06	data/raw/fetch-reads/fastq/ERX5782922_ERR6146098_1.fastq.gz	data/raw/fetch-reads/fastq/ERX5782922_ERR6146098_2.fastq.gz
s0102	2021_01_06	data/raw/fetch-reads/fastq/ERX5782923_ERR6146099_1.fastq.gz	data/raw/fetch-reads/fastq/ERX5782923_ERR6146099_2.fastq.gz
s0103	2021_01_06	data/raw/fetch-reads/fastq/ERX5782924_ERR6146100_1.fastq.gz	data/raw/fetch-reads/fastq/ERX5782924_ERR6146100_2.fastq.gz
s0104	2021_01_06	data/raw/fetch-reads/fastq/ERX5782925_ERR6146101_1.fastq.gz	data/raw/fetch-reads/fastq/ERX5782925_ERR6146101_2.fastq.gz
s0105	2021_01_06	data/raw/fetch-reads/fastq/ERX5782926_ERR6146102_1.fastq.gz	data/raw/fetch-reads/fastq/ERX5782926_ERR6146102_2.fastq.gz
s0107	2021_01_06	data/raw/fetch-reads/fastq/ERX5782927_ERR6146103_1.fastq.gz	data/raw/fetch-reads/fastq/ERX5782927_ERR6146103_2.fastq.gz
s0108	2021_01_06	data/raw/fetch-reads/fastq/ERX5782928_ERR6146104_1.fastq.gz	data/raw/fetch-reads/fastq/ERX5782928_ERR6146104_2.fastq.gz
s0109	2021_01_06	data/raw/fetch-reads/fastq/ERX5782929_ERR6146105_1.fastq.gz	data/raw/fetch-reads/fastq/ERX5782929_ERR6146105_2.fastq.gz
s0110	2021_01_20	data/raw/fetch-reads/fastq/ERX5782930_ERR6146106_1.fastq.gz	data/raw/fetch-reads/fastq/ERX5782930_ERR6146106_2.fastq.gz
s0111	2021_01_20	data/raw/fetch-reads/fastq/ERX5782931_ERR6146107_1.fastq.gz	data/raw/fetch-reads/fastq/ERX5782931_ERR6146107_2.fastq.gz
s0112	2021_01_20	data/raw/fetch-reads/fastq/ERX5782932_ERR6146108_1.fastq.gz	data/raw/fetch-reads/fastq/ERX5782932_ERR6146108_2.fastq.gz
s0113	2021_01_20	data/raw/fetch-reads/fastq/ERX5782933_ERR6146109_1.fastq.gz	data/raw/fetch-reads/fastq/ERX5782933_ERR6146109_2.fastq.gz
s0114	2021_01_20	data/raw/fetch-reads/fastq/ERX5782934_ERR6146110_1.fastq.gz	data/raw/fetch-reads/fastq/ERX5782934_ERR6146110_2.fastq.gz
s0115	2021_01_20	data/raw/fetch-reads/fastq/ERX5782935_ERR6146111_1.fastq.gz	data/raw/fetch-reads/fastq/ERX5782935_ERR6146111_2.fastq.gz
s0116	2021_01_20	data/raw/fetch-reads/fastq/ERX5782936_ERR6146112_1.fastq.gz	data/raw/fetch-reads/fastq/ERX5782936_ERR6146112_2.fastq.gz
s0117	2021_01_06	data/raw/fetch-reads/fastq/ERX5782937_ERR6146113_1.fastq.gz	data/raw/fetch-reads/fastq/ERX5782937_ERR6146113_2.fastq.gz
s0118	2021_01_20	data/raw/fetch-reads/fastq/ERX5782938_ERR6146114_1.fastq.gz	data/raw/fetch-reads/fastq/ERX5782938_ERR6146114_2.fastq.gz
s0201	2020_12_01	data/raw/fetch-reads/fastq/ERX5782939_ERR6146115_1.fastq.gz	data/raw/fetch-reads/fastq/ERX5782939_ERR6146115_2.fastq.gz
s0202	2020_12_01	data/raw/fetch-reads/fastq/ERX5782940_ERR6146116_1.fastq.gz	data/raw/fetch-reads/fastq/ERX5782940_ERR6146116_2.fastq.gz
s0203	2020_12_01	data/raw/fetch-reads/fastq/ERX5782941_ERR6146117_1.fastq.gz	data/raw/fetch-reads/fastq/ERX5782941_ERR6146117_2.fastq.gz
s0204	2020_12_01	data/raw/fetch-reads/fastq/ERX5782942_ERR6146118_1.fastq.gz	data/raw/fetch-reads/fastq/ERX5782942_ERR6146118_2.fastq.gz
s0205	2020_12_01	data/raw/fetch-reads/fastq/ERX5782943_ERR6146119_1.fastq.gz	data/raw/fetch-reads/fastq/ERX5782943_ERR6146119_2.fastq.gz
s0206	2020_12_01	data/raw/fetch-reads/fastq/ERX5782944_ERR6146120_1.fastq.gz	data/raw/fetch-reads/fastq/ERX5782944_ERR6146120_2.fastq.gz
s0207	2020_12_01	data/raw/fetch-reads/fastq/ERX5782945_ERR6146121_1.fastq.gz	data/raw/fetch-reads/fastq/ERX5782945_ERR6146121_2.fastq.gz
s0208	2020_12_01	data/raw/fetch-reads/fastq/ERX5782946_ERR6146122_1.fastq.gz	data/raw/fetch-reads/fastq/ERX5782946_ERR6146122_2.fastq.gz
s0209	2020_12_01	data/raw/fetch-reads/fastq/ERX5782947_ERR6146123_1.fastq.gz	data/raw/fetch-reads/fastq/ERX5782947_ERR6146123_2.fastq.gz
s0210	2020_12_01	data/raw/fetch-reads/fastq/ERX5782948_ERR6146124_1.fastq.gz	data/raw/fetch-reads/fastq/ERX5782948_ERR6146124_2.fastq.gz
s0211	2020_12_01	data/raw/fetch-reads/fastq/ERX5782949_ERR6146125_1.fastq.gz	data/raw/fetch-reads/fastq/ERX5782949_ERR6146125_2.fastq.gz
s0212	2020_12_01	data/raw/fetch-reads/fastq/ERX5782950_ERR6146126_1.fastq.gz	data/raw/fetch-reads/fastq/ERX5782950_ERR6146126_2.fastq.gz
s0213	2020_12_01	data/raw/fetch-reads/fastq/ERX5782951_ERR6146127_1.fastq.gz	data/raw/fetch-reads/fastq/ERX5782951_ERR6146127_2.fastq.gz
s0214	2020_12_01	data/raw/fetch-reads/fastq/ERX5782952_ERR6146128_1.fastq.gz	data/raw/fetch-reads/fastq/ERX5782952_ERR6146128_2.fastq.gz
s0215	2020_11_27	data/raw/fetch-reads/fastq/ERX5782953_ERR6146129_1.fastq.gz	data/raw/fetch-reads/fastq/ERX5782953_ERR6146129_2.fastq.gz
s0216	2020_11_27	data/raw/fetch-reads/fastq/ERX5782954_ERR6146130_1.fastq.gz	data/raw/fetch-reads/fastq/ERX5782954_ERR6146130_2.fastq.gz
s0217	2020_11_27	data/raw/fetch-reads/fastq/ERX5782955_ERR6146131_1.fastq.gz	data/raw/fetch-reads/fastq/ERX5782955_ERR6146131_2.fastq.gz
s0218	2020_11_27	data/raw/fetch-reads/fastq/ERX5782956_ERR6146132_1.fastq.gz	data/raw/fetch-reads/fastq/ERX5782956_ERR6146132_2.fastq.gz
s0301	2021_01_20	data/raw/fetch-reads/fastq/ERX5782957_ERR6146133_1.fastq.gz	data/raw/fetch-reads/fastq/ERX5782957_ERR6146133_2.fastq.gz
s0302	2021_01_20	data/raw/fetch-reads/fastq/ERX5782958_ERR6146134_1.fastq.gz	data/raw/fetch-reads/fastq/ERX5782958_ERR6146134_2.fastq.gz
s0303	2021_01_20	data/raw/fetch-reads/fastq/ERX5782959_ERR6146135_1.fastq.gz	data/raw/fetch-reads/fastq/ERX5782959_ERR6146135_2.fastq.gz
s0304	2021_01_20	data/raw/fetch-reads/fastq/ERX5782960_ERR6146136_1.fastq.gz	data/raw/fetch-reads/fastq/ERX5782960_ERR6146136_2.fastq.gz
s0305	2021_01_20	data/raw/fetch-reads/fastq/ERX5782961_ERR6146137_1.fastq.gz	data/raw/fetch-reads/fastq/ERX5782961_ERR6146137_2.fastq.gz
s0306	2021_01_20	data/raw/fetch-reads/fastq/ERX5782962_ERR6146138_1.fastq.gz	data/raw/fetch-reads/fastq/ERX5782962_ERR6146138_2.fastq.gz
s0308	2021_01_28	data/raw/fetch-reads/fastq/ERX5782963_ERR6146139_1.fastq.gz	data/raw/fetch-reads/fastq/ERX5782963_ERR6146139_2.fastq.gz
s0309	2021_01_28	data/raw/fetch-reads/fastq/ERX5782964_ERR6146140_1.fastq.gz	data/raw/fetch-reads/fastq/ERX5782964_ERR6146140_2.fastq.gz
s0310	2021_01_28	data/raw/fetch-reads/fastq/ERX5782965_ERR6146141_1.fastq.gz	data/raw/fetch-reads/fastq/ERX5782965_ERR6146141_2.fastq.gz
s0311	2021_01_20	data/raw/fetch-reads/fastq/ERX5782966_ERR6146142_1.fastq.gz	data/raw/fetch-reads/fastq/ERX5782966_ERR6146142_2.fastq.gz
s0314	2021_01_20	data/raw/fetch-reads/fastq/ERX5782967_ERR6146143_1.fastq.gz	data/raw/fetch-reads/fastq/ERX5782967_ERR6146143_2.fastq.gz
s0315	2021_01_20	data/raw/fetch-reads/fastq/ERX5782968_ERR6146144_1.fastq.gz	data/raw/fetch-reads/fastq/ERX5782968_ERR6146144_2.fastq.gz
s0316	2021_01_20	data/raw/fetch-reads/fastq/ERX5782969_ERR6146145_1.fastq.gz	data/raw/fetch-reads/fastq/ERX5782969_ERR6146145_2.fastq.gz
s0317	2021_01_20	data/raw/fetch-reads/fastq/ERX5782970_ERR6146146_1.fastq.gz	data/raw/fetch-reads/fastq/ERX5782970_ERR6146146_2.fastq.gz
s0318	2021_01_28	data/raw/fetch-reads/fastq/ERX5782971_ERR6146147_1.fastq.gz	data/raw/fetch-reads/fastq/ERX5782971_ERR6146147_2.fastq.gz
s0319	2021_01_20	data/raw/fetch-reads/fastq/ERX5782972_ERR6146148_1.fastq.gz	data/raw/fetch-reads/fastq/ERX5782972_ERR6146148_2.fastq.gz
s0320	2021_01_28	data/raw/fetch-reads/fastq/ERX5782973_ERR6146149_1.fastq.gz	data/raw/fetch-reads/fastq/ERX5782973_ERR6146149_2.fastq.gz
s0321	2021_01_28	data/raw/fetch-reads/fastq/ERX5782974_ERR6146150_1.fastq.gz	data/raw/fetch-reads/fastq/ERX5782974_ERR6146150_2.fastq.gz
s0322	2021_01_28	data/raw/fetch-reads/fastq/ERX5782975_ERR6146151_1.fastq.gz	data/raw/fetch-reads/fastq/ERX5782975_ERR6146151_2.fastq.gz
s0323	2021_01_20	data/raw/fetch-reads/fastq/ERX5782976_ERR6146152_1.fastq.gz	data/raw/fetch-reads/fastq/ERX5782976_ERR6146152_2.fastq.gz
s0324	2021_01_28	data/raw/fetch-reads/fastq/ERX5782977_ERR6146153_1.fastq.gz	data/raw/fetch-reads/fastq/ERX5782977_ERR6146153_2.fastq.gz
s0325	2021_01_28	data/raw/fetch-reads/fastq/ERX5782978_ERR6146154_1.fastq.gz	data/raw/fetch-reads/fastq/ERX5782978_ERR6146154_2.fastq.gz
s0326	2021_01_28	data/raw/fetch-reads/fastq/ERX5782979_ERR6146155_1.fastq.gz	data/raw/fetch-reads/fastq/ERX5782979_ERR6146155_2.fastq.gz
s0327	2021_01_28	data/raw/fetch-reads/fastq/ERX5782980_ERR6146156_1.fastq.gz	data/raw/fetch-reads/fastq/ERX5782980_ERR6146156_2.fastq.gz
s0329	2021_01_20	data/raw/fetch-reads/fastq/ERX5782981_ERR6146157_1.fastq.gz	data/raw/fetch-reads/fastq/ERX5782981_ERR6146157_2.fastq.gz
s0330	2021_01_28	data/raw/fetch-reads/fastq/ERX5782982_ERR6146158_1.fastq.gz	data/raw/fetch-reads/fastq/ERX5782982_ERR6146158_2.fastq.gz
s0331	2021_01_20	data/raw/fetch-reads/fastq/ERX5782983_ERR6146159_1.fastq.gz	data/raw/fetch-reads/fastq/ERX5782983_ERR6146159_2.fastq.gz
s0332	2021_01_28	data/raw/fetch-reads/fastq/ERX5782984_ERR6146160_1.fastq.gz	data/raw/fetch-reads/fastq/ERX5782984_ERR6146160_2.fastq.gz
s0333	2021_01_28	data/raw/fetch-reads/fastq/ERX5782985_ERR6146161_1.fastq.gz	data/raw/fetch-reads/fastq/ERX5782985_ERR6146161_2.fastq.gz
s0334	2021_01_28	data/raw/fetch-reads/fastq/ERX5782986_ERR6146162_1.fastq.gz	data/raw/fetch-reads/fastq/ERX5782986_ERR6146162_2.fastq.gz
s0335	2021_01_28	data/raw/fetch-reads/fastq/ERX5782987_ERR6146163_1.fastq.gz	data/raw/fetch-reads/fastq/ERX5782987_ERR6146163_2.fastq.gz
s0336	2021_01_28	data/raw/fetch-reads/fastq/ERX5782988_ERR6146164_1.fastq.gz	data/raw/fetch-reads/fastq/ERX5782988_ERR6146164_2.fastq.gz
s0337	2021_01_28	data/raw/fetch-reads/fastq/ERX5782989_ERR6146165_1.fastq.gz	data/raw/fetch-reads/fastq/ERX5782989_ERR6146165_2.fastq.gz
s0338	2021_01_28	data/raw/fetch-reads/fastq/ERX5782990_ERR6146166_1.fastq.gz	data/raw/fetch-reads/fastq/ERX5782990_ERR6146166_2.fastq.gz
s0339	2021_01_28	data/raw/fetch-reads/fastq/ERX5782991_ERR6146167_1.fastq.gz	data/raw/fetch-reads/fastq/ERX5782991_ERR6146167_2.fastq.gz
s0340	2021_01_28	data/raw/fetch-reads/fastq/ERX5782992_ERR6146168_1.fastq.gz	data/raw/fetch-reads/fastq/ERX5782992_ERR6146168_2.fastq.gz
s0341	2021_01_28	data/raw/fetch-reads/fastq/ERX5782993_ERR6146169_1.fastq.gz	data/raw/fetch-reads/fastq/ERX5782993_ERR6146169_2.fastq.gz
s0342	2021_01_28	data/raw/fetch-reads/fastq/ERX5782994_ERR6146170_1.fastq.gz	data/raw/fetch-reads/fastq/ERX5782994_ERR6146170_2.fastq.gz
s0343	2021_01_28	data/raw/fetch-reads/fastq/ERX5782995_ERR6146171_1.fastq.gz	data/raw/fetch-reads/fastq/ERX5782995_ERR6146171_2.fastq.gz
s0344	2021_01_28	data/raw/fetch-reads/fastq/ERX5782996_ERR6146172_1.fastq.gz	data/raw/fetch-reads/fastq/ERX5782996_ERR6146172_2.fastq.gz
s0401	2020_12_01	data/raw/fetch-reads/fastq/ERX5782997_ERR6146173_1.fastq.gz	data/raw/fetch-reads/fastq/ERX5782997_ERR6146173_2.fastq.gz
s0402	2020_12_01	data/raw/fetch-reads/fastq/ERX5782998_ERR6146174_1.fastq.gz	data/raw/fetch-reads/fastq/ERX5782998_ERR6146174_2.fastq.gz
s0403	2020_12_01	data/raw/fetch-reads/fastq/ERX5782999_ERR6146175_1.fastq.gz	data/raw/fetch-reads/fastq/ERX5782999_ERR6146175_2.fastq.gz
s0404	2020_12_01	data/raw/fetch-reads/fastq/ERX5783000_ERR6146176_1.fastq.gz	data/raw/fetch-reads/fastq/ERX5783000_ERR6146176_2.fastq.gz
s0405	2020_12_01	data/raw/fetch-reads/fastq/ERX5783001_ERR6146177_1.fastq.gz	data/raw/fetch-reads/fastq/ERX5783001_ERR6146177_2.fastq.gz
s0406	2020_11_27	data/raw/fetch-reads/fastq/ERX5783002_ERR6146178_1.fastq.gz	data/raw/fetch-reads/fastq/ERX5783002_ERR6146178_2.fastq.gz
s0407	2020_12_01	data/raw/fetch-reads/fastq/ERX5783003_ERR6146179_1.fastq.gz	data/raw/fetch-reads/fastq/ERX5783003_ERR6146179_2.fastq.gz
s0408	2020_12_01	data/raw/fetch-reads/fastq/ERX5783004_ERR6146180_1.fastq.gz	data/raw/fetch-reads/fastq/ERX5783004_ERR6146180_2.fastq.gz
s0409	2020_12_01	data/raw/fetch-reads/fastq/ERX5783005_ERR6146181_1.fastq.gz	data/raw/fetch-reads/fastq/ERX5783005_ERR6146181_2.fastq.gz
s0410	2020_11_27	data/raw/fetch-reads/fastq/ERX5783006_ERR6146182_1.fastq.gz	data/raw/fetch-reads/fastq/ERX5783006_ERR6146182_2.fastq.gz
s0411	2020_12_01	data/raw/fetch-reads/fastq/ERX5783007_ERR6146183_1.fastq.gz	data/raw/fetch-reads/fastq/ERX5783007_ERR6146183_2.fastq.gz
s0412	2020_12_01	data/raw/fetch-reads/fastq/ERX5783008_ERR6146184_1.fastq.gz	data/raw/fetch-reads/fastq/ERX5783008_ERR6146184_2.fastq.gz
s0413	2020_11_27	data/raw/fetch-reads/fastq/ERX5783009_ERR6146185_1.fastq.gz	data/raw/fetch-reads/fastq/ERX5783009_ERR6146185_2.fastq.gz
s0414	2020_12_01	data/raw/fetch-reads/fastq/ERX5783010_ERR6146186_1.fastq.gz	data/raw/fetch-reads/fastq/ERX5783010_ERR6146186_2.fastq.gz
s0415	2020_12_01	data/raw/fetch-reads/fastq/ERX5783011_ERR6146187_1.fastq.gz	data/raw/fetch-reads/fastq/ERX5783011_ERR6146187_2.fastq.gz
s0416	2020_12_01	data/raw/fetch-reads/fastq/ERX5783012_ERR6146188_1.fastq.gz	data/raw/fetch-reads/fastq/ERX5783012_ERR6146188_2.fastq.gz
s0417	2020_11_27	data/raw/fetch-reads/fastq/ERX5783013_ERR6146189_1.fastq.gz	data/raw/fetch-reads/fastq/ERX5783013_ERR6146189_2.fastq.gz
s0418	2020_11_27	data/raw/fetch-reads/fastq/ERX5783014_ERR6146190_1.fastq.gz	data/raw/fetch-reads/fastq/ERX5783014_ERR6146190_2.fastq.gz
s0419	2020_11_27	data/raw/fetch-reads/fastq/ERX5783015_ERR6146191_1.fastq.gz	data/raw/fetch-reads/fastq/ERX5783015_ERR6146191_2.fastq.gz
s0420	2020_12_01	data/raw/fetch-reads/fastq/ERX5783016_ERR6146192_1.fastq.gz	data/raw/fetch-reads/fastq/ERX5783016_ERR6146192_2.fastq.gz
s0421	2020_12_01	data/raw/fetch-reads/fastq/ERX5783017_ERR6146193_1.fastq.gz	data/raw/fetch-reads/fastq/ERX5783017_ERR6146193_2.fastq.gz
s0422	2020_12_01	data/raw/fetch-reads/fastq/ERX5783018_ERR6146194_1.fastq.gz	data/raw/fetch-reads/fastq/ERX5783018_ERR6146194_2.fastq.gz
s0424	2020_12_01	data/raw/fetch-reads/fastq/ERX5783019_ERR6146195_1.fastq.gz	data/raw/fetch-reads/fastq/ERX5783019_ERR6146195_2.fastq.gz
s0425	2020_11_27	data/raw/fetch-reads/fastq/ERX5783020_ERR6146196_1.fastq.gz	data/raw/fetch-reads/fastq/ERX5783020_ERR6146196_2.fastq.gz
s0426	2020_12_01	data/raw/fetch-reads/fastq/ERX5783021_ERR6146197_1.fastq.gz	data/raw/fetch-reads/fastq/ERX5783021_ERR6146197_2.fastq.gz
s0427	2020_11_27	data/raw/fetch-reads/fastq/ERX5783022_ERR6146198_1.fastq.gz	data/raw/fetch-reads/fastq/ERX5783022_ERR6146198_2.fastq.gz
s0428	2020_12_01	data/raw/fetch-reads/fastq/ERX5783023_ERR6146199_1.fastq.gz	data/raw/fetch-reads/fastq/ERX5783023_ERR6146199_2.fastq.gz
s0432	2020_12_01	data/raw/fetch-reads/fastq/ERX5783024_ERR6146200_1.fastq.gz	data/raw/fetch-reads/fastq/ERX5783024_ERR6146200_2.fastq.gz
s0433	2020_12_01	data/raw/fetch-reads/fastq/ERX5783025_ERR6146201_1.fastq.gz	data/raw/fetch-reads/fastq/ERX5783025_ERR6146201_2.fastq.gz
s0434	2020_12_01	data/raw/fetch-reads/fastq/ERX5783026_ERR6146202_1.fastq.gz	data/raw/fetch-reads/fastq/ERX5783026_ERR6146202_2.fastq.gz
s0435	2020_11_27	data/raw/fetch-reads/fastq/ERX5783027_ERR6146203_1.fastq.gz	data/raw/fetch-reads/fastq/ERX5783027_ERR6146203_2.fastq.gz
s0436	2020_12_01	data/raw/fetch-reads/fastq/ERX5783028_ERR6146204_1.fastq.gz	data/raw/fetch-reads/fastq/ERX5783028_ERR6146204_2.fastq.gz
s0437	2020_11_27	data/raw/fetch-reads/fastq/ERX5783029_ERR6146205_1.fastq.gz	data/raw/fetch-reads/fastq/ERX5783029_ERR6146205_2.fastq.gz
s0438	2020_11_27	data/raw/fetch-reads/fastq/ERX5783030_ERR6146206_1.fastq.gz	data/raw/fetch-reads/fastq/ERX5783030_ERR6146206_2.fastq.gz
s0439	2020_11_27	data/raw/fetch-reads/fastq/ERX5783031_ERR6146207_1.fastq.gz	data/raw/fetch-reads/fastq/ERX5783031_ERR6146207_2.fastq.gz
s0440	2020_11_27	data/raw/fetch-reads/fastq/ERX5783032_ERR6146208_1.fastq.gz	data/raw/fetch-reads/fastq/ERX5783032_ERR6146208_2.fastq.gz
s0441	2021_01_06	data/raw/fetch-reads/fastq/ERX5783033_ERR6146209_1.fastq.gz	data/raw/fetch-reads/fastq/ERX5783033_ERR6146209_2.fastq.gz
s0442	2020_11_27	data/raw/fetch-reads/fastq/ERX5783034_ERR6146210_1.fastq.gz	data/raw/fetch-reads/fastq/ERX5783034_ERR6146210_2.fastq.gz
s0444	2021_01_06	data/raw/fetch-reads/fastq/ERX5783035_ERR6146211_1.fastq.gz	data/raw/fetch-reads/fastq/ERX5783035_ERR6146211_2.fastq.gz
s0445	2020_11_27	data/raw/fetch-reads/fastq/ERX5783036_ERR6146212_1.fastq.gz	data/raw/fetch-reads/fastq/ERX5783036_ERR6146212_2.fastq.gz
s0446	2020_12_01	data/raw/fetch-reads/fastq/ERX5783037_ERR6146213_1.fastq.gz	data/raw/fetch-reads/fastq/ERX5783037_ERR6146213_2.fastq.gz
s0447	2020_11_27	data/raw/fetch-reads/fastq/ERX5783038_ERR6146214_1.fastq.gz	data/raw/fetch-reads/fastq/ERX5783038_ERR6146214_2.fastq.gz
s0448	2020_11_27	data/raw/fetch-reads/fastq/ERX5783039_ERR6146215_1.fastq.gz	data/raw/fetch-reads/fastq/ERX5783039_ERR6146215_2.fastq.gz
s0449	2020_11_27	data/raw/fetch-reads/fastq/ERX5783040_ERR6146216_1.fastq.gz	data/raw/fetch-reads/fastq/ERX5783040_ERR6146216_2.fastq.gz
s0451	2020_11_27	data/raw/fetch-reads/fastq/ERX5783041_ERR6146217_1.fastq.gz	data/raw/fetch-reads/fastq/ERX5783041_ERR6146217_2.fastq.gz
s0452	2020_11_27	data/raw/fetch-reads/fastq/ERX5783042_ERR6146218_1.fastq.gz	data/raw/fetch-reads/fastq/ERX5783042_ERR6146218_2.fastq.gz
s0453	2020_11_27	data/raw/fetch-reads/fastq/ERX5783043_ERR6146219_1.fastq.gz	data/raw/fetch-reads/fastq/ERX5783043_ERR6146219_2.fastq.gz
s0454	2020_11_27	data/raw/fetch-reads/fastq/ERX5783044_ERR6146220_1.fastq.gz	data/raw/fetch-reads/fastq/ERX5783044_ERR6146220_2.fastq.gz
s0455	2020_11_27	data/raw/fetch-reads/fastq/ERX5783045_ERR6146221_1.fastq.gz	data/raw/fetch-reads/fastq/ERX5783045_ERR6146221_2.fastq.gz
s0456	2020_11_27	data/raw/fetch-reads/fastq/ERX5783046_ERR6146222_1.fastq.gz	data/raw/fetch-reads/fastq/ERX5783046_ERR6146222_2.fastq.gz
s0458	2020_11_27	data/raw/fetch-reads/fastq/ERX5783047_ERR6146223_1.fastq.gz	data/raw/fetch-reads/fastq/ERX5783047_ERR6146223_2.fastq.gz
s0460	2020_11_27	data/raw/fetch-reads/fastq/ERX5783048_ERR6146224_1.fastq.gz	data/raw/fetch-reads/fastq/ERX5783048_ERR6146224_2.fastq.gz
s0461	2020_11_27	data/raw/fetch-reads/fastq/ERX5783049_ERR6146225_1.fastq.gz	data/raw/fetch-reads/fastq/ERX5783049_ERR6146225_2.fastq.gz
s0463	2020_11_27	data/raw/fetch-reads/fastq/ERX5783050_ERR6146226_1.fastq.gz	data/raw/fetch-reads/fastq/ERX5783050_ERR6146226_2.fastq.gz
s0464	2020_11_27	data/raw/fetch-reads/fastq/ERX5783051_ERR6146227_1.fastq.gz	data/raw/fetch-reads/fastq/ERX5783051_ERR6146227_2.fastq.gz
s0466	2021_01_06	data/raw/fetch-reads/fastq/ERX5783052_ERR6146228_1.fastq.gz	data/raw/fetch-reads/fastq/ERX5783052_ERR6146228_2.fastq.gz
s0468	2021_01_06	data/raw/fetch-reads/fastq/ERX5783053_ERR6146229_1.fastq.gz	data/raw/fetch-reads/fastq/ERX5783053_ERR6146229_2.fastq.gz
s0470	2020_11_27	data/raw/fetch-reads/fastq/ERX5783054_ERR6146230_1.fastq.gz	data/raw/fetch-reads/fastq/ERX5783054_ERR6146230_2.fastq.gz
s0471	2021_01_06	data/raw/fetch-reads/fastq/ERX5783055_ERR6146231_1.fastq.gz	data/raw/fetch-reads/fastq/ERX5783055_ERR6146231_2.fastq.gz
s0472	2021_01_06	data/raw/fetch-reads/fastq/ERX5783056_ERR6146232_1.fastq.gz	data/raw/fetch-reads/fastq/ERX5783056_ERR6146232_2.fastq.gz
s0473	2021_01_06	data/raw/fetch-reads/fastq/ERX5783057_ERR6146233_1.fastq.gz	data/raw/fetch-reads/fastq/ERX5783057_ERR6146233_2.fastq.gz
s0474	2021_01_06	data/raw/fetch-reads/fastq/ERX5783058_ERR6146234_1.fastq.gz	data/raw/fetch-reads/fastq/ERX5783058_ERR6146234_2.fastq.gz
s0475	2021_01_06	data/raw/fetch-reads/fastq/ERX5783059_ERR6146235_1.fastq.gz	data/raw/fetch-reads/fastq/ERX5783059_ERR6146235_2.fastq.gz
s0476	2021_01_06	data/raw/fetch-reads/fastq/ERX5783060_ERR6146236_1.fastq.gz	data/raw/fetch-reads/fastq/ERX5783060_ERR6146236_2.fastq.gz
s0477	2020_11_27	data/raw/fetch-reads/fastq/ERX5783061_ERR6146237_1.fastq.gz	data/raw/fetch-reads/fastq/ERX5783061_ERR6146237_2.fastq.gz
s0478	2020_11_27	data/raw/fetch-reads/fastq/ERX5783062_ERR6146238_1.fastq.gz	data/raw/fetch-reads/fastq/ERX5783062_ERR6146238_2.fastq.gz
s0479	2020_11_27	data/raw/fetch-reads/fastq/ERX5783063_ERR6146239_1.fastq.gz	data/raw/fetch-reads/fastq/ERX5783063_ERR6146239_2.fastq.gz
s0480	2020_11_27	data/raw/fetch-reads/fastq/ERX5783064_ERR6146240_1.fastq.gz	data/raw/fetch-reads/fastq/ERX5783064_ERR6146240_2.fastq.gz
s0481	2020_11_27	data/raw/fetch-reads/fastq/ERX5783065_ERR6146241_1.fastq.gz	data/raw/fetch-reads/fastq/ERX5783065_ERR6146241_2.fastq.gz
s0482	2021_01_06	data/raw/fetch-reads/fastq/ERX5783066_ERR6146242_1.fastq.gz	data/raw/fetch-reads/fastq/ERX5783066_ERR6146242_2.fastq.gz
s0485	2020_11_27	data/raw/fetch-reads/fastq/ERX5783067_ERR6146243_1.fastq.gz	data/raw/fetch-reads/fastq/ERX5783067_ERR6146243_2.fastq.gz
s0486	2020_11_27	data/raw/fetch-reads/fastq/ERX5783068_ERR6146244_1.fastq.gz	data/raw/fetch-reads/fastq/ERX5783068_ERR6146244_2.fastq.gz
s0487	2021_01_06	data/raw/fetch-reads/fastq/ERX5783069_ERR6146245_1.fastq.gz	data/raw/fetch-reads/fastq/ERX5783069_ERR6146245_2.fastq.gz
s0488	2021_01_06	data/raw/fetch-reads/fastq/ERX5783070_ERR6146246_1.fastq.gz	data/raw/fetch-reads/fastq/ERX5783070_ERR6146246_2.fastq.gz
s0489	2021_01_06	data/raw/fetch-reads/fastq/ERX5783071_ERR6146247_1.fastq.gz	data/raw/fetch-reads/fastq/ERX5783071_ERR6146247_2.fastq.gz
s0490	2021_01_06	data/raw/fetch-reads/fastq/ERX5783072_ERR6146248_1.fastq.gz	data/raw/fetch-reads/fastq/ERX5783072_ERR6146248_2.fastq.gz
s0491	2021_01_06	data/raw/fetch-reads/fastq/ERX5783073_ERR6146249_1.fastq.gz	data/raw/fetch-reads/fastq/ERX5783073_ERR6146249_2.fastq.gz
s0492	2021_01_06	data/raw/fetch-reads/fastq/ERX5783074_ERR6146250_1.fastq.gz	data/raw/fetch-reads/fastq/ERX5783074_ERR6146250_2.fastq.gz
s0493	2021_01_06	data/raw/fetch-reads/fastq/ERX5783075_ERR6146251_1.fastq.gz	data/raw/fetch-reads/fastq/ERX5783075_ERR6146251_2.fastq.gz
s0494	2021_01_06	data/raw/fetch-reads/fastq/ERX5783076_ERR6146252_1.fastq.gz	data/raw/fetch-reads/fastq/ERX5783076_ERR6146252_2.fastq.gz
s0495	2021_01_06	data/raw/fetch-reads/fastq/ERX5783077_ERR6146253_1.fastq.gz	data/raw/fetch-reads/fastq/ERX5783077_ERR6146253_2.fastq.gz
s0496	2021_01_06	data/raw/fetch-reads/fastq/ERX5783078_ERR6146254_1.fastq.gz	data/raw/fetch-reads/fastq/ERX5783078_ERR6146254_2.fastq.gz
s0497	2021_01_06	data/raw/fetch-reads/fastq/ERX5783079_ERR6146255_1.fastq.gz	data/raw/fetch-reads/fastq/ERX5783079_ERR6146255_2.fastq.gz
s0498	2021_01_06	data/raw/fetch-reads/fastq/ERX5783080_ERR6146256_1.fastq.gz	data/raw/fetch-reads/fastq/ERX5783080_ERR6146256_2.fastq.gz
s0500	2021_01_06	data/raw/fetch-reads/fastq/ERX5783081_ERR6146257_1.fastq.gz	data/raw/fetch-reads/fastq/ERX5783081_ERR6146257_2.fastq.gz
s0501	2021_01_20	data/raw/fetch-reads/fastq/ERX5783082_ERR6146258_1.fastq.gz	data/raw/fetch-reads/fastq/ERX5783082_ERR6146258_2.fastq.gz
s0502	2021_01_06	data/raw/fetch-reads/fastq/ERX5783083_ERR6146259_1.fastq.gz	data/raw/fetch-reads/fastq/ERX5783083_ERR6146259_2.fastq.gz
s0504	2021_01_06	data/raw/fetch-reads/fastq/ERX5783084_ERR6146260_1.fastq.gz	data/raw/fetch-reads/fastq/ERX5783084_ERR6146260_2.fastq.gz
s0505	2021_01_06	data/raw/fetch-reads/fastq/ERX5783085_ERR6146261_1.fastq.gz	data/raw/fetch-reads/fastq/ERX5783085_ERR6146261_2.fastq.gz
s0506	2021_01_06	data/raw/fetch-reads/fastq/ERX5783086_ERR6146262_1.fastq.gz	data/raw/fetch-reads/fastq/ERX5783086_ERR6146262_2.fastq.gz
s0507	2021_01_06	data/raw/fetch-reads/fastq/ERX5783087_ERR6146263_1.fastq.gz	data/raw/fetch-reads/fastq/ERX5783087_ERR6146263_2.fastq.gz
s0508	2021_01_20	data/raw/fetch-reads/fastq/ERX5783088_ERR6146264_1.fastq.gz	data/raw/fetch-reads/fastq/ERX5783088_ERR6146264_2.fastq.gz
s0513	2021_01_20	data/raw/fetch-reads/fastq/ERX5783089_ERR6146265_1.fastq.gz	data/raw/fetch-reads/fastq/ERX5783089_ERR6146265_2.fastq.gz
s0514	2021_01_06	data/raw/fetch-reads/fastq/ERX5783090_ERR6146266_1.fastq.gz	data/raw/fetch-reads/fastq/ERX5783090_ERR6146266_2.fastq.gz
s0515	2021_01_06	data/raw/fetch-reads/fastq/ERX5783091_ERR6146267_1.fastq.gz	data/raw/fetch-reads/fastq/ERX5783091_ERR6146267_2.fastq.gz
s0516	2021_01_20	data/raw/fetch-reads/fastq/ERX5783092_ERR6146268_1.fastq.gz	data/raw/fetch-reads/fastq/ERX5783092_ERR6146268_2.fastq.gz
s0517	2021_01_20	data/raw/fetch-reads/fastq/ERX5783093_ERR6146269_1.fastq.gz	data/raw/fetch-reads/fastq/ERX5783093_ERR6146269_2.fastq.gz
s0518	2021_01_20	data/raw/fetch-reads/fastq/ERX5783094_ERR6146270_1.fastq.gz	data/raw/fetch-reads/fastq/ERX5783094_ERR6146270_2.fastq.gz
s0519	2021_01_20	data/raw/fetch-reads/fastq/ERX5783095_ERR6146271_1.fastq.gz	data/raw/fetch-reads/fastq/ERX5783095_ERR6146271_2.fastq.gz
s0520	2021_01_20	data/raw/fetch-reads/fastq/ERX5783096_ERR6146272_1.fastq.gz	data/raw/fetch-reads/fastq/ERX5783096_ERR6146272_2.fastq.gz
s0521	2021_01_20	data/raw/fetch-reads/fastq/ERX5783097_ERR6146273_1.fastq.gz	data/raw/fetch-reads/fastq/ERX5783097_ERR6146273_2.fastq.gz
s0522	2021_01_20	data/raw/fetch-reads/fastq/ERX5783098_ERR6146274_1.fastq.gz	data/raw/fetch-reads/fastq/ERX5783098_ERR6146274_2.fastq.gz
s0523	2021_01_20	data/raw/fetch-reads/fastq/ERX5783099_ERR6146275_1.fastq.gz	data/raw/fetch-reads/fastq/ERX5783099_ERR6146275_2.fastq.gz
s0524	2021_01_20	data/raw/fetch-reads/fastq/ERX5783100_ERR6146276_1.fastq.gz	data/raw/fetch-reads/fastq/ERX5783100_ERR6146276_2.fastq.gz
s0525	2021_01_20	data/raw/fetch-reads/fastq/ERX5783101_ERR6146277_1.fastq.gz	data/raw/fetch-reads/fastq/ERX5783101_ERR6146277_2.fastq.gz
s0526	2021_01_20	data/raw/fetch-reads/fastq/ERX5783102_ERR6146278_1.fastq.gz	data/raw/fetch-reads/fastq/ERX5783102_ERR6146278_2.fastq.gz
s0527	2021_01_20	data/raw/fetch-reads/fastq/ERX5783103_ERR6146279_1.fastq.gz	data/raw/fetch-reads/fastq/ERX5783103_ERR6146279_2.fastq.gz
s0528	2021_01_20	data/raw/fetch-reads/fastq/ERX5783104_ERR6146280_1.fastq.gz	data/raw/fetch-reads/fastq/ERX5783104_ERR6146280_2.fastq.gz
s0529	2021_01_20	data/raw/fetch-reads/fastq/ERX5783105_ERR6146281_1.fastq.gz	data/raw/fetch-reads/fastq/ERX5783105_ERR6146281_2.fastq.gz
s0530	2021_01_20	data/raw/fetch-reads/fastq/ERX5783106_ERR6146282_1.fastq.gz	data/raw/fetch-reads/fastq/ERX5783106_ERR6146282_2.fastq.gz
s0531	2021_01_20	data/raw/fetch-reads/fastq/ERX5783107_ERR6146283_1.fastq.gz	data/raw/fetch-reads/fastq/ERX5783107_ERR6146283_2.fastq.gz
s0532	2021_01_28	data/raw/fetch-reads/fastq/ERX5783108_ERR6146284_1.fastq.gz	data/raw/fetch-reads/fastq/ERX5783108_ERR6146284_2.fastq.gz
s0533	2021_01_20	data/raw/fetch-reads/fastq/ERX5783109_ERR6146285_1.fastq.gz	data/raw/fetch-reads/fastq/ERX5783109_ERR6146285_2.fastq.gz
s0534	2021_01_20	data/raw/fetch-reads/fastq/ERX5783110_ERR6146286_1.fastq.gz	data/raw/fetch-reads/fastq/ERX5783110_ERR6146286_2.fastq.gz
s0535	2021_01_20	data/raw/fetch-reads/fastq/ERX5783111_ERR6146287_1.fastq.gz	data/raw/fetch-reads/fastq/ERX5783111_ERR6146287_2.fastq.gz
s0536	2021_01_20	data/raw/fetch-reads/fastq/ERX5783112_ERR6146288_1.fastq.gz	data/raw/fetch-reads/fastq/ERX5783112_ERR6146288_2.fastq.gz
s0537	2021_01_20	data/raw/fetch-reads/fastq/ERX5783113_ERR6146289_1.fastq.gz	data/raw/fetch-reads/fastq/ERX5783113_ERR6146289_2.fastq.gz
s0538	2021_01_20	data/raw/fetch-reads/fastq/ERX5783114_ERR6146290_1.fastq.gz	data/raw/fetch-reads/fastq/ERX5783114_ERR6146290_2.fastq.gz
s0539	2021_01_20	data/raw/fetch-reads/fastq/ERX5783115_ERR6146291_1.fastq.gz	data/raw/fetch-reads/fastq/ERX5783115_ERR6146291_2.fastq.gz
s0540	2021_01_20	data/raw/fetch-reads/fastq/ERX5783116_ERR6146292_1.fastq.gz	data/raw/fetch-reads/fastq/ERX5783116_ERR6146292_2.fastq.gz
s0542	2021_01_20	data/raw/fetch-reads/fastq/ERX5783117_ERR6146293_1.fastq.gz	data/raw/fetch-reads/fastq/ERX5783117_ERR6146293_2.fastq.gz
s0544	2021_01_20	data/raw/fetch-reads/fastq/ERX5783118_ERR6146294_1.fastq.gz	data/raw/fetch-reads/fastq/ERX5783118_ERR6146294_2.fastq.gz
s0545	2021_01_20	data/raw/fetch-reads/fastq/ERX5783119_ERR6146295_1.fastq.gz	data/raw/fetch-reads/fastq/ERX5783119_ERR6146295_2.fastq.gz
s0546	2021_01_20	data/raw/fetch-reads/fastq/ERX5783120_ERR6146296_1.fastq.gz	data/raw/fetch-reads/fastq/ERX5783120_ERR6146296_2.fastq.gz
s0547	2021_01_28	data/raw/fetch-reads/fastq/ERX5783121_ERR6146297_1.fastq.gz	data/raw/fetch-reads/fastq/ERX5783121_ERR6146297_2.fastq.gz
s0548	2021_01_28	data/raw/fetch-reads/fastq/ERX5783122_ERR6146298_1.fastq.gz	data/raw/fetch-reads/fastq/ERX5783122_ERR6146298_2.fastq.gz
s0549	2021_01_20	data/raw/fetch-reads/fastq/ERX5783123_ERR6146299_1.fastq.gz	data/raw/fetch-reads/fastq/ERX5783123_ERR6146299_2.fastq.gz
s0550	2021_01_20	data/raw/fetch-reads/fastq/ERX5783124_ERR6146300_1.fastq.gz	data/raw/fetch-reads/fastq/ERX5783124_ERR6146300_2.fastq.gz
s0551	2021_01_28	data/raw/fetch-reads/fastq/ERX5783125_ERR6146301_1.fastq.gz	data/raw/fetch-reads/fastq/ERX5783125_ERR6146301_2.fastq.gz
s0552	2021_01_28	data/raw/fetch-reads/fastq/ERX5783126_ERR6146302_1.fastq.gz	data/raw/fetch-reads/fastq/ERX5783126_ERR6146302_2.fastq.gz
s0553	2021_01_28	data/raw/fetch-reads/fastq/ERX5783127_ERR6146303_1.fastq.gz	data/raw/fetch-reads/fastq/ERX5783127_ERR6146303_2.fastq.gz
s0554	2021_01_20	data/raw/fetch-reads/fastq/ERX5783128_ERR6146304_1.fastq.gz	data/raw/fetch-reads/fastq/ERX5783128_ERR6146304_2.fastq.gz
s0555	2021_01_28	data/raw/fetch-reads/fastq/ERX5783129_ERR6146305_1.fastq.gz	data/raw/fetch-reads/fastq/ERX5783129_ERR6146305_2.fastq.gz
s0556	2021_01_20	data/raw/fetch-reads/fastq/ERX5783130_ERR6146306_1.fastq.gz	data/raw/fetch-reads/fastq/ERX5783130_ERR6146306_2.fastq.gz
s0557	2021_01_28	data/raw/fetch-reads/fastq/ERX5783131_ERR6146307_1.fastq.gz	data/raw/fetch-reads/fastq/ERX5783131_ERR6146307_2.fastq.gz
s0558	2021_01_20	data/raw/fetch-reads/fastq/ERX5783132_ERR6146308_1.fastq.gz	data/raw/fetch-reads/fastq/ERX5783132_ERR6146308_2.fastq.gz
s0559	2021_01_28	data/raw/fetch-reads/fastq/ERX5783133_ERR6146309_1.fastq.gz	data/raw/fetch-reads/fastq/ERX5783133_ERR6146309_2.fastq.gz
s0560	2021_01_28	data/raw/fetch-reads/fastq/ERX5783134_ERR6146310_1.fastq.gz	data/raw/fetch-reads/fastq/ERX5783134_ERR6146310_2.fastq.gz
s0561	2021_01_28	data/raw/fetch-reads/fastq/ERX5783135_ERR6146311_1.fastq.gz	data/raw/fetch-reads/fastq/ERX5783135_ERR6146311_2.fastq.gz
s0562	2021_01_28	data/raw/fetch-reads/fastq/ERX5783136_ERR6146312_1.fastq.gz	data/raw/fetch-reads/fastq/ERX5783136_ERR6146312_2.fastq.gz
s0563	2021_01_28	data/raw/fetch-reads/fastq/ERX5783137_ERR6146313_1.fastq.gz	data/raw/fetch-reads/fastq/ERX5783137_ERR6146313_2.fastq.gz
s0564	2021_01_28	data/raw/fetch-reads/fastq/ERX5783138_ERR6146314_1.fastq.gz	data/raw/fetch-reads/fastq/ERX5783138_ERR6146314_2.fastq.gz
s0565	2021_01_28	data/raw/fetch-reads/fastq/ERX5783139_ERR6146315_1.fastq.gz	data/raw/fetch-reads/fastq/ERX5783139_ERR6146315_2.fastq.gz
s0566	2021_01_28	data/raw/fetch-reads/fastq/ERX5783140_ERR6146316_1.fastq.gz	data/raw/fetch-reads/fastq/ERX5783140_ERR6146316_2.fastq.gz
s0567	2021_01_28	data/raw/fetch-reads/fastq/ERX5783141_ERR6146317_1.fastq.gz	data/raw/fetch-reads/fastq/ERX5783141_ERR6146317_2.fastq.gz
s0568	2021_01_28	data/raw/fetch-reads/fastq/ERX5783142_ERR6146318_1.fastq.gz	data/raw/fetch-reads/fastq/ERX5783142_ERR6146318_2.fastq.gz
s0570	2021_01_28	data/raw/fetch-reads/fastq/ERX5783143_ERR6146319_1.fastq.gz	data/raw/fetch-reads/fastq/ERX5783143_ERR6146319_2.fastq.gz
s0571	2021_01_28	data/raw/fetch-reads/fastq/ERX5783144_ERR6146320_1.fastq.gz	data/raw/fetch-reads/fastq/ERX5783144_ERR6146320_2.fastq.gz
s0572	2021_01_28	data/raw/fetch-reads/fastq/ERX5783145_ERR6146321_1.fastq.gz	data/raw/fetch-reads/fastq/ERX5783145_ERR6146321_2.fastq.gz
s0573	2021_01_28	data/raw/fetch-reads/fastq/ERX5783146_ERR6146322_1.fastq.gz	data/raw/fetch-reads/fastq/ERX5783146_ERR6146322_2.fastq.gz
s0574	2021_01_28	data/raw/fetch-reads/fastq/ERX5783147_ERR6146323_1.fastq.gz	data/raw/fetch-reads/fastq/ERX5783147_ERR6146323_2.fastq.gz
s0575	2021_01_28	data/raw/fetch-reads/fastq/ERX5783148_ERR6146324_1.fastq.gz	data/raw/fetch-reads/fastq/ERX5783148_ERR6146324_2.fastq.gz
s0576	2021_01_28	data/raw/fetch-reads/fastq/ERX5783149_ERR6146325_1.fastq.gz	data/raw/fetch-reads/fastq/ERX5783149_ERR6146325_2.fastq.gz
s0577	2021_01_28	data/raw/fetch-reads/fastq/ERX5783150_ERR6146326_1.fastq.gz	data/raw/fetch-reads/fastq/ERX5783150_ERR6146326_2.fastq.gz
s0579	2021_01_28	data/raw/fetch-reads/fastq/ERX5783151_ERR6146327_1.fastq.gz	data/raw/fetch-reads/fastq/ERX5783151_ERR6146327_2.fastq.gz
s0580	2021_01_28	data/raw/fetch-reads/fastq/ERX5783152_ERR6146328_1.fastq.gz	data/raw/fetch-reads/fastq/ERX5783152_ERR6146328_2.fastq.gz
s0581	2021_01_28	data/raw/fetch-reads/fastq/ERX5783153_ERR6146329_1.fastq.gz	data/raw/fetch-reads/fastq/ERX5783153_ERR6146329_2.fastq.gz
s0582	2021_01_28	data/raw/fetch-reads/fastq/ERX5783154_ERR6146330_1.fastq.gz	data/raw/fetch-reads/fastq/ERX5783154_ERR6146330_2.fastq.gz
s0583	2021_01_28	data/raw/fetch-reads/fastq/ERX5783155_ERR6146331_1.fastq.gz	data/raw/fetch-reads/fastq/ERX5783155_ERR6146331_2.fastq.gz
s0584	2021_01_28	data/raw/fetch-reads/fastq/ERX5783156_ERR6146332_1.fastq.gz	data/raw/fetch-reads/fastq/ERX5783156_ERR6146332_2.fastq.gz
s0585	2021_01_28	data/raw/fetch-reads/fastq/ERX5783157_ERR6146333_1.fastq.gz	data/raw/fetch-reads/fastq/ERX5783157_ERR6146333_2.fastq.gz
s0586	2021_01_28	data/raw/fetch-reads/fastq/ERX5783158_ERR6146334_1.fastq.gz	data/raw/fetch-reads/fastq/ERX5783158_ERR6146334_2.fastq.gz
s0588	2021_01_28	data/raw/fetch-reads/fastq/ERX5783159_ERR6146335_1.fastq.gz	data/raw/fetch-reads/fastq/ERX5783159_ERR6146335_2.fastq.gz
s0589	2021_01_28	data/raw/fetch-reads/fastq/ERX5783160_ERR6146336_1.fastq.gz	data/raw/fetch-reads/fastq/ERX5783160_ERR6146336_2.fastq.gz
s0600	2020_12_01	data/raw/fetch-reads/fastq/ERX5783161_ERR6146337_1.fastq.gz	data/raw/fetch-reads/fastq/ERX5783161_ERR6146337_2.fastq.gz
s0601	2020_12_01	data/raw/fetch-reads/fastq/ERX5783162_ERR6146338_1.fastq.gz	data/raw/fetch-reads/fastq/ERX5783162_ERR6146338_2.fastq.gz
s0602	2020_12_01	data/raw/fetch-reads/fastq/ERX5783163_ERR6146339_1.fastq.gz	data/raw/fetch-reads/fastq/ERX5783163_ERR6146339_2.fastq.gz
s0603	2020_12_01	data/raw/fetch-reads/fastq/ERX5783164_ERR6146340_1.fastq.gz	data/raw/fetch-reads/fastq/ERX5783164_ERR6146340_2.fastq.gz
s0604	2020_12_01	data/raw/fetch-reads/fastq/ERX5783165_ERR6146341_1.fastq.gz	data/raw/fetch-reads/fastq/ERX5783165_ERR6146341_2.fastq.gz
s0605	2020_11_27	data/raw/fetch-reads/fastq/ERX5783166_ERR6146342_1.fastq.gz	data/raw/fetch-reads/fastq/ERX5783166_ERR6146342_2.fastq.gz
s0606	2020_11_27	data/raw/fetch-reads/fastq/ERX5783167_ERR6146343_1.fastq.gz	data/raw/fetch-reads/fastq/ERX5783167_ERR6146343_2.fastq.gz
s0607	2020_11_27	data/raw/fetch-reads/fastq/ERX5783168_ERR6146344_1.fastq.gz	data/raw/fetch-reads/fastq/ERX5783168_ERR6146344_2.fastq.gz
s0608	2020_11_27	data/raw/fetch-reads/fastq/ERX5783169_ERR6146345_1.fastq.gz	data/raw/fetch-reads/fastq/ERX5783169_ERR6146345_2.fastq.gz
s0609	2020_11_27	data/raw/fetch-reads/fastq/ERX5783170_ERR6146346_1.fastq.gz	data/raw/fetch-reads/fastq/ERX5783170_ERR6146346_2.fastq.gz
s0610	2020_11_27	data/raw/fetch-reads/fastq/ERX5783171_ERR6146347_1.fastq.gz	data/raw/fetch-reads/fastq/ERX5783171_ERR6146347_2.fastq.gz
s0611	2020_11_27	data/raw/fetch-reads/fastq/ERX5783172_ERR6146348_1.fastq.gz	data/raw/fetch-reads/fastq/ERX5783172_ERR6146348_2.fastq.gz
s0612	2022_02_17	data/raw/fetch-reads/fastq/ERX11774118_ERR12398055_1.fastq.gz	data/raw/fetch-reads/fastq/ERX11774118_ERR12398055_2.fastq.gz
s0613	2021_01_20	data/raw/fetch-reads/fastq/ERX5783174_ERR6146350_1.fastq.gz	data/raw/fetch-reads/fastq/ERX5783174_ERR6146350_2.fastq.gz
s0614	2021_01_20	data/raw/fetch-reads/fastq/ERX5783175_ERR6146351_1.fastq.gz	data/raw/fetch-reads/fastq/ERX5783175_ERR6146351_2.fastq.gz
s0616	2021_01_20	data/raw/fetch-reads/fastq/ERX5783176_ERR6146352_1.fastq.gz	data/raw/fetch-reads/fastq/ERX5783176_ERR6146352_2.fastq.gz
s0702	2021_01_28	data/raw/fetch-reads/fastq/ERX5783177_ERR6146353_1.fastq.gz	data/raw/fetch-reads/fastq/ERX5783177_ERR6146353_2.fastq.gz
s0704	2021_01_28	data/raw/fetch-reads/fastq/ERX5783178_ERR6146354_1.fastq.gz	data/raw/fetch-reads/fastq/ERX5783178_ERR6146354_2.fastq.gz
s0705	2021_01_20	data/raw/fetch-reads/fastq/ERX5783179_ERR6146355_1.fastq.gz	data/raw/fetch-reads/fastq/ERX5783179_ERR6146355_2.fastq.gz
s0710	2021_01_28	data/raw/fetch-reads/fastq/ERX5783180_ERR6146356_1.fastq.gz	data/raw/fetch-reads/fastq/ERX5783180_ERR6146356_2.fastq.gz
s0711	2021_01_28	data/raw/fetch-reads/fastq/ERX5783181_ERR6146357_1.fastq.gz	data/raw/fetch-reads/fastq/ERX5783181_ERR6146357_2.fastq.gz
s0712	2021_01_28	data/raw/fetch-reads/fastq/ERX5783182_ERR6146358_1.fastq.gz	data/raw/fetch-reads/fastq/ERX5783182_ERR6146358_2.fastq.gz
s0713	2021_01_28	data/raw/fetch-reads/fastq/ERX5783183_ERR6146359_1.fastq.gz	data/raw/fetch-reads/fastq/ERX5783183_ERR6146359_2.fastq.gz
s0714	2021_01_28	data/raw/fetch-reads/fastq/ERX5783184_ERR6146360_1.fastq.gz	data/raw/fetch-reads/fastq/ERX5783184_ERR6146360_2.fastq.gz
s0715	2021_01_28	data/raw/fetch-reads/fastq/ERX5783185_ERR6146361_1.fastq.gz	data/raw/fetch-reads/fastq/ERX5783185_ERR6146361_2.fastq.gz
s0716	2021_01_28	data/raw/fetch-reads/fastq/ERX5783186_ERR6146362_1.fastq.gz	data/raw/fetch-reads/fastq/ERX5783186_ERR6146362_2.fastq.gz
s0718	2021_01_28	data/raw/fetch-reads/fastq/ERX5783187_ERR6146363_1.fastq.gz	data/raw/fetch-reads/fastq/ERX5783187_ERR6146363_2.fastq.gz
s0721	2021_01_20	data/raw/fetch-reads/fastq/ERX5783188_ERR6146364_1.fastq.gz	data/raw/fetch-reads/fastq/ERX5783188_ERR6146364_2.fastq.gz
s0724	2021_01_28	data/raw/fetch-reads/fastq/ERX5783189_ERR6146365_1.fastq.gz	data/raw/fetch-reads/fastq/ERX5783189_ERR6146365_2.fastq.gz
s0725	2021_01_28	data/raw/fetch-reads/fastq/ERX5783190_ERR6146366_1.fastq.gz	data/raw/fetch-reads/fastq/ERX5783190_ERR6146366_2.fastq.gz
s0727	2021_01_28	data/raw/fetch-reads/fastq/ERX5783191_ERR6146367_1.fastq.gz	data/raw/fetch-reads/fastq/ERX5783191_ERR6146367_2.fastq.gz
s0730	2021_01_28	data/raw/fetch-reads/fastq/ERX5783192_ERR6146368_1.fastq.gz	data/raw/fetch-reads/fastq/ERX5783192_ERR6146368_2.fastq.gz
s0732	2021_01_28	data/raw/fetch-reads/fastq/ERX5783193_ERR6146369_1.fastq.gz	data/raw/fetch-reads/fastq/ERX5783193_ERR6146369_2.fastq.gz
s0733	2021_01_20	data/raw/fetch-reads/fastq/ERX5783194_ERR6146370_1.fastq.gz	data/raw/fetch-reads/fastq/ERX5783194_ERR6146370_2.fastq.gz
s0734	2021_01_28	data/raw/fetch-reads/fastq/ERX5783195_ERR6146371_1.fastq.gz	data/raw/fetch-reads/fastq/ERX5783195_ERR6146371_2.fastq.gz
s0735	2021_01_20	data/raw/fetch-reads/fastq/ERX5783196_ERR6146372_1.fastq.gz	data/raw/fetch-reads/fastq/ERX5783196_ERR6146372_2.fastq.gz
s0736	2021_01_28	data/raw/fetch-reads/fastq/ERX5783197_ERR6146373_1.fastq.gz	data/raw/fetch-reads/fastq/ERX5783197_ERR6146373_2.fastq.gz
s0802	2020_11_27	data/raw/fetch-reads/fastq/ERX5783198_ERR6146374_1.fastq.gz	data/raw/fetch-reads/fastq/ERX5783198_ERR6146374_2.fastq.gz
s0805	2020_11_27	data/raw/fetch-reads/fastq/ERX5783199_ERR6146375_1.fastq.gz	data/raw/fetch-reads/fastq/ERX5783199_ERR6146375_2.fastq.gz
s0807	2020_11_27	data/raw/fetch-reads/fastq/ERX5783200_ERR6146376_1.fastq.gz	data/raw/fetch-reads/fastq/ERX5783200_ERR6146376_2.fastq.gz
s0808	2020_11_27	data/raw/fetch-reads/fastq/ERX5783201_ERR6146377_1.fastq.gz	data/raw/fetch-reads/fastq/ERX5783201_ERR6146377_2.fastq.gz
s0809	2020_11_27	data/raw/fetch-reads/fastq/ERX5783202_ERR6146378_1.fastq.gz	data/raw/fetch-reads/fastq/ERX5783202_ERR6146378_2.fastq.gz
s0812	2020_11_27	data/raw/fetch-reads/fastq/ERX5783203_ERR6146379_1.fastq.gz	data/raw/fetch-reads/fastq/ERX5783203_ERR6146379_2.fastq.gz
s0813	2020_11_27	data/raw/fetch-reads/fastq/ERX5783204_ERR6146380_1.fastq.gz	data/raw/fetch-reads/fastq/ERX5783204_ERR6146380_2.fastq.gz
s0814	2020_11_27	data/raw/fetch-reads/fastq/ERX5783205_ERR6146381_1.fastq.gz	data/raw/fetch-reads/fastq/ERX5783205_ERR6146381_2.fastq.gz
s0815	2020_11_27	data/raw/fetch-reads/fastq/ERX5783206_ERR6146382_1.fastq.gz	data/raw/fetch-reads/fastq/ERX5783206_ERR6146382_2.fastq.gz
s0816	2020_11_27	data/raw/fetch-reads/fastq/ERX5783207_ERR6146383_1.fastq.gz	data/raw/fetch-reads/fastq/ERX5783207_ERR6146383_2.fastq.gz
s0817	2020_11_27	data/raw/fetch-reads/fastq/ERX5783208_ERR6146384_1.fastq.gz	data/raw/fetch-reads/fastq/ERX5783208_ERR6146384_2.fastq.gz
s0818	2020_11_27	data/raw/fetch-reads/fastq/ERX5783209_ERR6146385_1.fastq.gz	data/raw/fetch-reads/fastq/ERX5783209_ERR6146385_2.fastq.gz
s0820	2020_11_27	data/raw/fetch-reads/fastq/ERX5783210_ERR6146386_1.fastq.gz	data/raw/fetch-reads/fastq/ERX5783210_ERR6146386_2.fastq.gz
s0822	2020_11_27	data/raw/fetch-reads/fastq/ERX5783211_ERR6146387_1.fastq.gz	data/raw/fetch-reads/fastq/ERX5783211_ERR6146387_2.fastq.gz
s0824	2020_11_27	data/raw/fetch-reads/fastq/ERX5783212_ERR6146388_1.fastq.gz	data/raw/fetch-reads/fastq/ERX5783212_ERR6146388_2.fastq.gz
s0901	2021_01_06	data/raw/fetch-reads/fastq/ERX5783213_ERR6146389_1.fastq.gz	data/raw/fetch-reads/fastq/ERX5783213_ERR6146389_2.fastq.gz
s0902	2021_01_06	data/raw/fetch-reads/fastq/ERX5783214_ERR6146390_1.fastq.gz	data/raw/fetch-reads/fastq/ERX5783214_ERR6146390_2.fastq.gz
s0903	2022_02_17	data/raw/fetch-reads/fastq/ERX11774122_ERR12398059_1.fastq.gz	data/raw/fetch-reads/fastq/ERX11774122_ERR12398059_2.fastq.gz
s0904	2021_01_06	data/raw/fetch-reads/fastq/ERX5783216_ERR6146392_1.fastq.gz	data/raw/fetch-reads/fastq/ERX5783216_ERR6146392_2.fastq.gz
s0905	2021_01_06	data/raw/fetch-reads/fastq/ERX5783217_ERR6146393_1.fastq.gz	data/raw/fetch-reads/fastq/ERX5783217_ERR6146393_2.fastq.gz
s0906	2021_01_06	data/raw/fetch-reads/fastq/ERX5783218_ERR6146394_1.fastq.gz	data/raw/fetch-reads/fastq/ERX5783218_ERR6146394_2.fastq.gz
s0908	2021_01_06	data/raw/fetch-reads/fastq/ERX5783219_ERR6146395_1.fastq.gz	data/raw/fetch-reads/fastq/ERX5783219_ERR6146395_2.fastq.gz
s0909	2022_02_17	data/raw/fetch-reads/fastq/ERX11774123_ERR12398060_2.fastq.gz	data/raw/fetch-reads/fastq/ERX11774123_ERR12398060_1.fastq.gz
s0910	2021_01_06	data/raw/fetch-reads/fastq/ERX5783221_ERR6146397_1.fastq.gz	data/raw/fetch-reads/fastq/ERX5783221_ERR6146397_2.fastq.gz
s0911	2021_01_06	data/raw/fetch-reads/fastq/ERX5783222_ERR6146398_1.fastq.gz	data/raw/fetch-reads/fastq/ERX5783222_ERR6146398_2.fastq.gz
s0912	2021_01_06	data/raw/fetch-reads/fastq/ERX5783223_ERR6146399_1.fastq.gz	data/raw/fetch-reads/fastq/ERX5783223_ERR6146399_2.fastq.gz
s0913	2021_01_06	data/raw/fetch-reads/fastq/ERX5783224_ERR6146400_1.fastq.gz	data/raw/fetch-reads/fastq/ERX5783224_ERR6146400_2.fastq.gz
s0914	2021_01_06	data/raw/fetch-reads/fastq/ERX5783225_ERR6146401_1.fastq.gz	data/raw/fetch-reads/fastq/ERX5783225_ERR6146401_2.fastq.gz
s0915	2021_01_06	data/raw/fetch-reads/fastq/ERX5783226_ERR6146402_1.fastq.gz	data/raw/fetch-reads/fastq/ERX5783226_ERR6146402_2.fastq.gz
s0916	2021_01_06	data/raw/fetch-reads/fastq/ERX5783227_ERR6146403_1.fastq.gz	data/raw/fetch-reads/fastq/ERX5783227_ERR6146403_2.fastq.gz
s0917	2022_02_17	data/raw/fetch-reads/fastq/ERX11774124_ERR12398061_1.fastq.gz	data/raw/fetch-reads/fastq/ERX11774124_ERR12398061_2.fastq.gz
s0918	2021_01_20	data/raw/fetch-reads/fastq/ERX5783229_ERR6146405_1.fastq.gz	data/raw/fetch-reads/fastq/ERX5783229_ERR6146405_2.fastq.gz
s0919	2021_01_06	data/raw/fetch-reads/fastq/ERX5783230_ERR6146406_1.fastq.gz	data/raw/fetch-reads/fastq/ERX5783230_ERR6146406_2.fastq.gz
s0920	2022_02_17	data/raw/fetch-reads/fastq/ERX11774125_ERR12398062_1.fastq.gz	data/raw/fetch-reads/fastq/ERX11774125_ERR12398062_2.fastq.gz
s0921	2021_01_06	data/raw/fetch-reads/fastq/ERX5783232_ERR6146408_1.fastq.gz	data/raw/fetch-reads/fastq/ERX5783232_ERR6146408_2.fastq.gz
s0922	2022_02_17	data/raw/fetch-reads/fastq/ERX11774126_ERR12398063_2.fastq.gz	data/raw/fetch-reads/fastq/ERX11774126_ERR12398063_1.fastq.gz
s0923	2021_01_06	data/raw/fetch-reads/fastq/ERX5783234_ERR6146410_1.fastq.gz	data/raw/fetch-reads/fastq/ERX5783234_ERR6146410_2.fastq.gz
s0924	2022_02_17	data/raw/fetch-reads/fastq/ERX11774127_ERR12398064_1.fastq.gz	data/raw/fetch-reads/fastq/ERX11774127_ERR12398064_2.fastq.gz
s0925	2021_01_06	data/raw/fetch-reads/fastq/ERX5783236_ERR6146412_1.fastq.gz	data/raw/fetch-reads/fastq/ERX5783236_ERR6146412_2.fastq.gz
s0926	2022_02_17	data/raw/fetch-reads/fastq/ERX11774128_ERR12398065_2.fastq.gz	data/raw/fetch-reads/fastq/ERX11774128_ERR12398065_1.fastq.gz
s0927	2021_01_06	data/raw/fetch-reads/fastq/ERX5783238_ERR6146414_1.fastq.gz	data/raw/fetch-reads/fastq/ERX5783238_ERR6146414_2.fastq.gz
s0928	2021_01_06	data/raw/fetch-reads/fastq/ERX5783239_ERR6146415_1.fastq.gz	data/raw/fetch-reads/fastq/ERX5783239_ERR6146415_2.fastq.gz
s0929	2021_01_20	data/raw/fetch-reads/fastq/ERX5783240_ERR6146416_1.fastq.gz	data/raw/fetch-reads/fastq/ERX5783240_ERR6146416_2.fastq.gz
s0930	2021_01_06	data/raw/fetch-reads/fastq/ERX5783241_ERR6146417_1.fastq.gz	data/raw/fetch-reads/fastq/ERX5783241_ERR6146417_2.fastq.gz
s0931	2021_01_06	data/raw/fetch-reads/fastq/ERX5783242_ERR6146418_1.fastq.gz	data/raw/fetch-reads/fastq/ERX5783242_ERR6146418_2.fastq.gz
s0932	2021_01_20	data/raw/fetch-reads/fastq/ERX5783243_ERR6146419_1.fastq.gz	data/raw/fetch-reads/fastq/ERX5783243_ERR6146419_2.fastq.gz
s0942	2021_01_28	data/raw/fetch-reads/fastq/ERX5783244_ERR6146420_1.fastq.gz	data/raw/fetch-reads/fastq/ERX5783244_ERR6146420_2.fastq.gz
s0950	2021_01_06	data/raw/fetch-reads/fastq/ERX5783245_ERR6146421_1.fastq.gz	data/raw/fetch-reads/fastq/ERX5783245_ERR6146421_2.fastq.gz
s0951	2021_01_06	data/raw/fetch-reads/fastq/ERX5783246_ERR6146422_1.fastq.gz	data/raw/fetch-reads/fastq/ERX5783246_ERR6146422_2.fastq.gz
s0952	2021_01_06	data/raw/fetch-reads/fastq/ERX5783247_ERR6146423_1.fastq.gz	data/raw/fetch-reads/fastq/ERX5783247_ERR6146423_2.fastq.gz
s0953	2021_01_06	data/raw/fetch-reads/fastq/ERX5783248_ERR6146424_1.fastq.gz	data/raw/fetch-reads/fastq/ERX5783248_ERR6146424_2.fastq.gz
s0954	2021_01_06	data/raw/fetch-reads/fastq/ERX5783249_ERR6146425_1.fastq.gz	data/raw/fetch-reads/fastq/ERX5783249_ERR6146425_2.fastq.gz
s0955	2021_01_06	data/raw/fetch-reads/fastq/ERX5783250_ERR6146426_1.fastq.gz	data/raw/fetch-reads/fastq/ERX5783250_ERR6146426_2.fastq.gz
s0956	2021_01_06	data/raw/fetch-reads/fastq/ERX5783251_ERR6146427_1.fastq.gz	data/raw/fetch-reads/fastq/ERX5783251_ERR6146427_2.fastq.gz
s0957	2021_01_06	data/raw/fetch-reads/fastq/ERX5783252_ERR6146428_1.fastq.gz	data/raw/fetch-reads/fastq/ERX5783252_ERR6146428_2.fastq.gz
s0958	2021_01_06	data/raw/fetch-reads/fastq/ERX5783253_ERR6146429_1.fastq.gz	data/raw/fetch-reads/fastq/ERX5783253_ERR6146429_2.fastq.gz
s0959	2021_01_06	data/raw/fetch-reads/fastq/ERX5783254_ERR6146430_1.fastq.gz	data/raw/fetch-reads/fastq/ERX5783254_ERR6146430_2.fastq.gz
s0960	2021_01_06	data/raw/fetch-reads/fastq/ERX5783255_ERR6146431_1.fastq.gz	data/raw/fetch-reads/fastq/ERX5783255_ERR6146431_2.fastq.gz
s0961	2022_02_17	data/raw/fetch-reads/fastq/ERX11774131_ERR12398068_1.fastq.gz	data/raw/fetch-reads/fastq/ERX11774131_ERR12398068_2.fastq.gz
s0962	2021_01_06	data/raw/fetch-reads/fastq/ERX5783257_ERR6146433_1.fastq.gz	data/raw/fetch-reads/fastq/ERX5783257_ERR6146433_2.fastq.gz
s0963	2021_01_06	data/raw/fetch-reads/fastq/ERX5783258_ERR6146434_1.fastq.gz	data/raw/fetch-reads/fastq/ERX5783258_ERR6146434_2.fastq.gz
s0964	2021_01_06	data/raw/fetch-reads/fastq/ERX5783259_ERR6146435_1.fastq.gz	data/raw/fetch-reads/fastq/ERX5783259_ERR6146435_2.fastq.gz
s0965	2021_01_06	data/raw/fetch-reads/fastq/ERX5783260_ERR6146436_1.fastq.gz	data/raw/fetch-reads/fastq/ERX5783260_ERR6146436_2.fastq.gz
s0966	2021_01_20	data/raw/fetch-reads/fastq/ERX5783261_ERR6146437_1.fastq.gz	data/raw/fetch-reads/fastq/ERX5783261_ERR6146437_2.fastq.gz
s0967	2021_01_06	data/raw/fetch-reads/fastq/ERX5783262_ERR6146438_1.fastq.gz	data/raw/fetch-reads/fastq/ERX5783262_ERR6146438_2.fastq.gz
s0968	2021_01_20	data/raw/fetch-reads/fastq/ERX5783263_ERR6146439_1.fastq.gz	data/raw/fetch-reads/fastq/ERX5783263_ERR6146439_2.fastq.gz
s0969	2021_01_20	data/raw/fetch-reads/fastq/ERX5783264_ERR6146440_1.fastq.gz	data/raw/fetch-reads/fastq/ERX5783264_ERR6146440_2.fastq.gz
s0970	2021_01_20	data/raw/fetch-reads/fastq/ERX5783265_ERR6146441_1.fastq.gz	data/raw/fetch-reads/fastq/ERX5783265_ERR6146441_2.fastq.gz
s0971	2021_01_20	data/raw/fetch-reads/fastq/ERX5783266_ERR6146442_1.fastq.gz	data/raw/fetch-reads/fastq/ERX5783266_ERR6146442_2.fastq.gz
s0972	2021_01_20	data/raw/fetch-reads/fastq/ERX5783267_ERR6146443_1.fastq.gz	data/raw/fetch-reads/fastq/ERX5783267_ERR6146443_2.fastq.gz
s0973	2021_01_20	data/raw/fetch-reads/fastq/ERX5783268_ERR6146444_1.fastq.gz	data/raw/fetch-reads/fastq/ERX5783268_ERR6146444_2.fastq.gz
s0974	2021_01_20	data/raw/fetch-reads/fastq/ERX5783269_ERR6146445_1.fastq.gz	data/raw/fetch-reads/fastq/ERX5783269_ERR6146445_2.fastq.gz
s0975	2021_01_20	data/raw/fetch-reads/fastq/ERX5783270_ERR6146446_1.fastq.gz	data/raw/fetch-reads/fastq/ERX5783270_ERR6146446_2.fastq.gz
s0976	2021_01_20	data/raw/fetch-reads/fastq/ERX5783271_ERR6146447_1.fastq.gz	data/raw/fetch-reads/fastq/ERX5783271_ERR6146447_2.fastq.gz
s0977	2021_01_20	data/raw/fetch-reads/fastq/ERX5783272_ERR6146448_1.fastq.gz	data/raw/fetch-reads/fastq/ERX5783272_ERR6146448_2.fastq.gz
s0978	2021_01_20	data/raw/fetch-reads/fastq/ERX5783273_ERR6146449_1.fastq.gz	data/raw/fetch-reads/fastq/ERX5783273_ERR6146449_2.fastq.gz
s0979	2021_01_20	data/raw/fetch-reads/fastq/ERX5783274_ERR6146450_1.fastq.gz	data/raw/fetch-reads/fastq/ERX5783274_ERR6146450_2.fastq.gz
s0980	2021_01_20	data/raw/fetch-reads/fastq/ERX5783275_ERR6146451_1.fastq.gz	data/raw/fetch-reads/fastq/ERX5783275_ERR6146451_2.fastq.gz
s0981	2021_01_20	data/raw/fetch-reads/fastq/ERX5783276_ERR6146452_1.fastq.gz	data/raw/fetch-reads/fastq/ERX5783276_ERR6146452_2.fastq.gz
s0982	2021_01_20	data/raw/fetch-reads/fastq/ERX5783277_ERR6146453_1.fastq.gz	data/raw/fetch-reads/fastq/ERX5783277_ERR6146453_2.fastq.gz
s0983	2021_01_20	data/raw/fetch-reads/fastq/ERX5783278_ERR6146454_1.fastq.gz	data/raw/fetch-reads/fastq/ERX5783278_ERR6146454_2.fastq.gz
s0984	2021_01_28	data/raw/fetch-reads/fastq/ERX5783279_ERR6146455_1.fastq.gz	data/raw/fetch-reads/fastq/ERX5783279_ERR6146455_2.fastq.gz
s0985	2021_01_20	data/raw/fetch-reads/fastq/ERX5783280_ERR6146456_1.fastq.gz	data/raw/fetch-reads/fastq/ERX5783280_ERR6146456_2.fastq.gz
s0986	2021_01_28	data/raw/fetch-reads/fastq/ERX5783281_ERR6146457_1.fastq.gz	data/raw/fetch-reads/fastq/ERX5783281_ERR6146457_2.fastq.gz
s0987	2021_01_20	data/raw/fetch-reads/fastq/ERX5783282_ERR6146458_1.fastq.gz	data/raw/fetch-reads/fastq/ERX5783282_ERR6146458_2.fastq.gz
s0988	2021_01_20	data/raw/fetch-reads/fastq/ERX5783283_ERR6146459_1.fastq.gz	data/raw/fetch-reads/fastq/ERX5783283_ERR6146459_2.fastq.gz
s0989	2021_01_20	data/raw/fetch-reads/fastq/ERX5783284_ERR6146460_1.fastq.gz	data/raw/fetch-reads/fastq/ERX5783284_ERR6146460_2.fastq.gz
s0990	2021_01_28	data/raw/fetch-reads/fastq/ERX5783285_ERR6146461_1.fastq.gz	data/raw/fetch-reads/fastq/ERX5783285_ERR6146461_2.fastq.gz
s0991	2021_01_28	data/raw/fetch-reads/fastq/ERX5783286_ERR6146462_1.fastq.gz	data/raw/fetch-reads/fastq/ERX5783286_ERR6146462_2.fastq.gz
s0992	2021_01_28	data/raw/fetch-reads/fastq/ERX5783287_ERR6146463_1.fastq.gz	data/raw/fetch-reads/fastq/ERX5783287_ERR6146463_2.fastq.gz
s0993	2021_01_28	data/raw/fetch-reads/fastq/ERX5783288_ERR6146464_1.fastq.gz	data/raw/fetch-reads/fastq/ERX5783288_ERR6146464_2.fastq.gz
s0994	2021_01_28	data/raw/fetch-reads/fastq/ERX5783289_ERR6146465_1.fastq.gz	data/raw/fetch-reads/fastq/ERX5783289_ERR6146465_2.fastq.gz
s0995	2021_01_28	data/raw/fetch-reads/fastq/ERX5783290_ERR6146466_1.fastq.gz	data/raw/fetch-reads/fastq/ERX5783290_ERR6146466_2.fastq.gz
s0996	2021_01_28	data/raw/fetch-reads/fastq/ERX5783291_ERR6146467_1.fastq.gz	data/raw/fetch-reads/fastq/ERX5783291_ERR6146467_2.fastq.gz
s0997	2021_01_28	data/raw/fetch-reads/fastq/ERX5783292_ERR6146468_1.fastq.gz	data/raw/fetch-reads/fastq/ERX5783292_ERR6146468_2.fastq.gz
s0998	2021_01_28	data/raw/fetch-reads/fastq/ERX5783293_ERR6146469_1.fastq.gz	data/raw/fetch-reads/fastq/ERX5783293_ERR6146469_2.fastq.gz
s0999	2021_01_28	data/raw/fetch-reads/fastq/ERX5783294_ERR6146470_1.fastq.gz	data/raw/fetch-reads/fastq/ERX5783294_ERR6146470_2.fastq.gz
s0062	2022_02_17	data/raw/fetch-reads/fastq/ERX11774108_ERR12398045_1.fastq.gz	data/raw/fetch-reads/fastq/ERX11774108_ERR12398045_2.fastq.gz
s0469	2022_02_17	data/raw/fetch-reads/fastq/ERX11774111_ERR12398048_1.fastq.gz	data/raw/fetch-reads/fastq/ERX11774111_ERR12398048_2.fastq.gz
s0590	2022_02_17	data/raw/fetch-reads/fastq/ERX11774112_ERR12398049_1.fastq.gz	data/raw/fetch-reads/fastq/ERX11774112_ERR12398049_2.fastq.gz
s0591	2022_02_17	data/raw/fetch-reads/fastq/ERX11774113_ERR12398050_1.fastq.gz	data/raw/fetch-reads/fastq/ERX11774113_ERR12398050_2.fastq.gz
s0592	2022_02_17	data/raw/fetch-reads/fastq/ERX11774114_ERR12398051_1.fastq.gz	data/raw/fetch-reads/fastq/ERX11774114_ERR12398051_2.fastq.gz
s0593	2022_02_17	data/raw/fetch-reads/fastq/ERX11774115_ERR12398052_1.fastq.gz	data/raw/fetch-reads/fastq/ERX11774115_ERR12398052_2.fastq.gz
s0594	2022_02_17	data/raw/fetch-reads/fastq/ERX11774116_ERR12398053_1.fastq.gz	data/raw/fetch-reads/fastq/ERX11774116_ERR12398053_2.fastq.gz
s0595	2022_02_17	data/raw/fetch-reads/fastq/ERX11774117_ERR12398054_1.fastq.gz	data/raw/fetch-reads/fastq/ERX11774117_ERR12398054_2.fastq.gz
s0701	2022_02_17	data/raw/fetch-reads/fastq/ERX11774119_ERR12398056_2.fastq.gz	data/raw/fetch-reads/fastq/ERX11774119_ERR12398056_1.fastq.gz
s0703	2022_02_17	data/raw/fetch-reads/fastq/ERX11774120_ERR12398057_1.fastq.gz	data/raw/fetch-reads/fastq/ERX11774120_ERR12398057_2.fastq.gz
s0720	2022_02_17	data/raw/fetch-reads/fastq/ERX11774121_ERR12398058_1.fastq.gz	data/raw/fetch-reads/fastq/ERX11774121_ERR12398058_2.fastq.gz
s0937	2022_02_17	data/raw/fetch-reads/fastq/ERX11774129_ERR12398066_2.fastq.gz	data/raw/fetch-reads/fastq/ERX11774129_ERR12398066_1.fastq.gz
s0939	2022_02_17	data/raw/fetch-reads/fastq/ERX11774130_ERR12398067_2.fastq.gz	data/raw/fetch-reads/fastq/ERX11774130_ERR12398067_1.fastq.gz
ATCC_mock_2	2020_11_27	data/raw/fetch-reads/fastq/ERX11774082_ERR12398019_1.fastq.gz	data/raw/fetch-reads/fastq/ERX11774082_ERR12398019_2.fastq.gz
Extr_NC_2	2020_11_27	data/raw/fetch-reads/fastq/ERX11774083_ERR12398020_2.fastq.gz	data/raw/fetch-reads/fastq/ERX11774083_ERR12398020_1.fastq.gz
PCR_NC_2	2020_11_27	data/raw/fetch-reads/fastq/ERX11774084_ERR12398021_2.fastq.gz	data/raw/fetch-reads/fastq/ERX11774084_ERR12398021_1.fastq.gz
ZR_even_mock_2	2020_11_27	data/raw/fetch-reads/fastq/ERX11774085_ERR12398022_1.fastq.gz	data/raw/fetch-reads/fastq/ERX11774085_ERR12398022_2.fastq.gz
Extr_NC_1_1	2020_12_01	data/raw/fetch-reads/fastq/ERX11774086_ERR12398023_2.fastq.gz	data/raw/fetch-reads/fastq/ERX11774086_ERR12398023_1.fastq.gz
Extr_NC_1_2	2020_12_01	data/raw/fetch-reads/fastq/ERX11774087_ERR12398024_1.fastq.gz	data/raw/fetch-reads/fastq/ERX11774087_ERR12398024_2.fastq.gz
PCR_NC_1	2020_12_01	data/raw/fetch-reads/fastq/ERX11774088_ERR12398025_1.fastq.gz	data/raw/fetch-reads/fastq/ERX11774088_ERR12398025_2.fastq.gz
ZR_even_mock_1	2020_12_01	data/raw/fetch-reads/fastq/ERX11774089_ERR12398026_2.fastq.gz	data/raw/fetch-reads/fastq/ERX11774089_ERR12398026_1.fastq.gz
ATCC_mock_3	2021_01_06	data/raw/fetch-reads/fastq/ERX11774090_ERR12398027_2.fastq.gz	data/raw/fetch-reads/fastq/ERX11774090_ERR12398027_1.fastq.gz
Extr_NC_3	2021_01_06	data/raw/fetch-reads/fastq/ERX11774091_ERR12398028_2.fastq.gz	data/raw/fetch-reads/fastq/ERX11774091_ERR12398028_1.fastq.gz
PCR_NC_3	2021_01_06	data/raw/fetch-reads/fastq/ERX11774092_ERR12398029_2.fastq.gz	data/raw/fetch-reads/fastq/ERX11774092_ERR12398029_1.fastq.gz
ZR_even_mock_3	2021_01_06	data/raw/fetch-reads/fastq/ERX11774093_ERR12398030_1.fastq.gz	data/raw/fetch-reads/fastq/ERX11774093_ERR12398030_2.fastq.gz
ATCC_mock_4	2021_01_20	data/raw/fetch-reads/fastq/ERX11774094_ERR12398031_1.fastq.gz	data/raw/fetch-reads/fastq/ERX11774094_ERR12398031_2.fastq.gz
Extr_NC_4	2021_01_20	data/raw/fetch-reads/fastq/ERX11774095_ERR12398032_1.fastq.gz	data/raw/fetch-reads/fastq/ERX11774095_ERR12398032_2.fastq.gz
PCR_NC_4	2021_01_20	data/raw/fetch-reads/fastq/ERX11774096_ERR12398033_1.fastq.gz	data/raw/fetch-reads/fastq/ERX11774096_ERR12398033_2.fastq.gz
ZR_even_mock_4	2021_01_20	data/raw/fetch-reads/fastq/ERX11774097_ERR12398034_2.fastq.gz	data/raw/fetch-reads/fastq/ERX11774097_ERR12398034_1.fastq.gz
ATCC_mock_5	2021_01_28	data/raw/fetch-reads/fastq/ERX11774098_ERR12398035_1.fastq.gz	data/raw/fetch-reads/fastq/ERX11774098_ERR12398035_2.fastq.gz
Extr_NC_5	2021_01_28	data/raw/fetch-reads/fastq/ERX11774099_ERR12398036_1.fastq.gz	data/raw/fetch-reads/fastq/ERX11774099_ERR12398036_2.fastq.gz
PCR_NC_5	2021_01_28	data/raw/fetch-reads/fastq/ERX11774100_ERR12398037_1.fastq.gz	data/raw/fetch-reads/fastq/ERX11774100_ERR12398037_2.fastq.gz
ZR_even_mock_5	2021_01_28	data/raw/fetch-reads/fastq/ERX11774101_ERR12398038_1.fastq.gz	data/raw/fetch-reads/fastq/ERX11774101_ERR12398038_2.fastq.gz
ATCC_mock_7	2022_02_17	data/raw/fetch-reads/fastq/ERX11774102_ERR12398039_1.fastq.gz	data/raw/fetch-reads/fastq/ERX11774102_ERR12398039_2.fastq.gz
Extr_NC_7	2022_02_17	data/raw/fetch-reads/fastq/ERX11774103_ERR12398040_1.fastq.gz	data/raw/fetch-reads/fastq/ERX11774103_ERR12398040_2.fastq.gz
PCR_NC_7	2022_02_17	data/raw/fetch-reads/fastq/ERX11774104_ERR12398041_1.fastq.gz	data/raw/fetch-reads/fastq/ERX11774104_ERR12398041_2.fastq.gz
ZR_even_mock_7	2022_02_17	data/raw/fetch-reads/fastq/ERX11774105_ERR12398042_1.fastq.gz	data/raw/fetch-reads/fastq/ERX11774105_ERR12398042_2.fastq.gz
